game_id,play_id,nfl_id,frame_id,x_pred,y_pred
2024120805,74,54586,1,43.25995000000001,9.935550000000001
2024120805,74,54586,2,43.25995000000001,9.935550000000001
2024120805,74,54586,3,43.25995000000001,9.935550000000001
2024120805,74,54586,4,43.25995000000001,9.935550000000001
2024120805,74,54586,5,43.25995000000001,9.935550000000001
2024120805,74,54586,6,43.25995000000001,9.935550000000001
2024120805,74,54586,7,43.25995000000001,9.935550000000001
2024120805,74,54586,8,43.25995000000001,9.935550000000001
2024120805,74,54586,9,43.25995000000001,9.935550000000001
2024120805,74,54586,10,43.25995000000001,9.935550000000001
2024120805,74,54586,11,43.25995000000001,9.935550000000001
2024120805,74,53472,1,43.25995000000001,9.935550000000001
2024120805,74,53472,2,43.25995000000001,9.935550000000001
2024120805,74,53472,3,43.25995000000001,9.935550000000001
2024120805,74,53472,4,43.25995000000001,9.935550000000001
2024120805,74,53472,5,43.25995000000001,9.935550000000001
2024120805,74,53472,6,43.25995000000001,9.935550000000001
2024120805,74,53472,7,43.25995000000001,9.935550000000001
2024120805,74,53472,8,43.25995000000001,9.935550000000001
2024120805,74,53472,9,43.25995000000001,9.935550000000001
2024120805,74,53472,10,43.25995000000001,9.935550000000001
2024120805,74,53472,11,43.25995000000001,9.935550000000001
2024120805,74,57213,1,43.25995000000001,9.935550000000001
2024120805,74,57213,2,43.25995000000001,9.935550000000001
2024120805,74,57213,3,43.25995000000001,9.935550000000001
2024120805,74,57213,4,43.25995000000001,9.935550000000001
2024120805,74,57213,5,43.25995000000001,9.935550000000001
2024120805,74,57213,6,43.25995000000001,9.935550000000001
2024120805,74,57213,7,43.25995000000001,9.935550000000001
2024120805,74,57213,8,43.25995000000001,9.935550000000001
2024120805,74,57213,9,43.25995000000001,9.935550000000001
2024120805,74,57213,10,43.25995000000001,9.935550000000001
2024120805,74,57213,11,43.25995000000001,9.935550000000001
2024120805,143,57233,1,43.25995000000001,9.935550000000001
2024120805,143,57233,2,43.25995000000001,9.935550000000001
2024120805,143,57233,3,43.25995000000001,9.935550000000001
2024120805,143,57233,4,43.25995000000001,9.935550000000001
2024120805,143,57233,5,43.25995000000001,9.935550000000001
2024120805,143,57233,6,43.25995000000001,9.935550000000001
2024120805,143,57233,7,43.25995000000001,9.935550000000001
2024120805,143,57233,8,43.25995000000001,9.935550000000001
2024120805,143,57233,9,43.25995000000001,9.935550000000001
2024120805,143,57233,10,43.25995000000001,9.935550000000001
2024120805,143,41233,1,43.25995000000001,9.935550000000001
2024120805,143,41233,2,43.25995000000001,9.935550000000001
2024120805,143,41233,3,43.25995000000001,9.935550000000001
2024120805,143,41233,4,43.25995000000001,9.935550000000001
2024120805,143,41233,5,43.25995000000001,9.935550000000001
2024120805,143,41233,6,43.25995000000001,9.935550000000001
2024120805,143,41233,7,43.25995000000001,9.935550000000001
2024120805,143,41233,8,43.25995000000001,9.935550000000001
2024120805,143,41233,9,43.25995000000001,9.935550000000001
2024120805,143,41233,10,43.25995000000001,9.935550000000001
2024120805,312,54586,1,43.25995000000001,9.935550000000001
2024120805,312,54586,2,43.25995000000001,9.935550000000001
2024120805,312,54586,3,43.25995000000001,9.935550000000001
2024120805,312,54586,4,43.25995000000001,9.935550000000001
2024120805,312,54586,5,43.25995000000001,9.935550000000001
2024120805,312,54586,6,43.25995000000001,9.935550000000001
2024120805,312,54586,7,43.25995000000001,9.935550000000001
2024120805,312,54586,8,43.25995000000001,9.935550000000001
2024120805,312,54586,9,43.25995000000001,9.935550000000001
2024120805,312,54586,10,43.25995000000001,9.935550000000001
2024120805,312,54586,11,43.25995000000001,9.935550000000001
2024120805,312,57801,1,43.25995000000001,9.935550000000001
2024120805,312,57801,2,43.25995000000001,9.935550000000001
2024120805,312,57801,3,43.25995000000001,9.935550000000001
2024120805,312,57801,4,43.25995000000001,9.935550000000001
2024120805,312,57801,5,43.25995000000001,9.935550000000001
2024120805,312,57801,6,43.25995000000001,9.935550000000001
2024120805,312,57801,7,43.25995000000001,9.935550000000001
2024120805,312,57801,8,43.25995000000001,9.935550000000001
2024120805,312,57801,9,43.25995000000001,9.935550000000001
2024120805,312,57801,10,43.25995000000001,9.935550000000001
2024120805,312,57801,11,43.25995000000001,9.935550000000001
2024120805,312,41233,1,43.25995000000001,9.935550000000001
2024120805,312,41233,2,43.25995000000001,9.935550000000001
2024120805,312,41233,3,43.25995000000001,9.935550000000001
2024120805,312,41233,4,43.25995000000001,9.935550000000001
2024120805,312,41233,5,43.25995000000001,9.935550000000001
2024120805,312,41233,6,43.25995000000001,9.935550000000001
2024120805,312,41233,7,43.25995000000001,9.935550000000001
2024120805,312,41233,8,43.25995000000001,9.935550000000001
2024120805,312,41233,9,43.25995000000001,9.935550000000001
2024120805,312,41233,10,43.25995000000001,9.935550000000001
2024120805,312,41233,11,43.25995000000001,9.935550000000001
2024120805,388,53916,1,43.25995000000001,9.935550000000001
2024120805,388,53916,2,43.25995000000001,9.935550000000001
2024120805,388,53916,3,43.25995000000001,9.935550000000001
2024120805,388,53916,4,43.25995000000001,9.935550000000001
2024120805,388,53916,5,43.25995000000001,9.935550000000001
2024120805,388,53916,6,43.25995000000001,9.935550000000001
2024120805,388,53916,7,43.25995000000001,9.935550000000001
2024120805,388,53916,8,43.25995000000001,9.935550000000001
2024120805,388,53916,9,43.25995000000001,9.935550000000001
2024120805,388,53916,10,43.25995000000001,9.935550000000001
2024120805,388,53916,11,43.25995000000001,9.935550000000001
2024120805,388,53916,12,43.25995000000001,9.935550000000001
2024120805,388,53916,13,43.25995000000001,9.935550000000001
2024120805,388,53916,14,43.25995000000001,9.935550000000001
2024120805,388,53916,15,43.25995000000001,9.935550000000001
2024120805,388,53916,16,43.25995000000001,9.935550000000001
2024120805,388,53916,17,43.25995000000001,9.935550000000001
2024120805,388,53916,18,43.25995000000001,9.935550000000001
2024120805,388,55100,1,43.25995000000001,9.935550000000001
2024120805,388,55100,2,43.25995000000001,9.935550000000001
2024120805,388,55100,3,43.25995000000001,9.935550000000001
2024120805,388,55100,4,43.25995000000001,9.935550000000001
2024120805,388,55100,5,43.25995000000001,9.935550000000001
2024120805,388,55100,6,43.25995000000001,9.935550000000001
2024120805,388,55100,7,43.25995000000001,9.935550000000001
2024120805,388,55100,8,43.25995000000001,9.935550000000001
2024120805,388,55100,9,43.25995000000001,9.935550000000001
2024120805,388,55100,10,43.25995000000001,9.935550000000001
2024120805,388,55100,11,43.25995000000001,9.935550000000001
2024120805,388,55100,12,43.25995000000001,9.935550000000001
2024120805,388,55100,13,43.25995000000001,9.935550000000001
2024120805,388,55100,14,43.25995000000001,9.935550000000001
2024120805,388,55100,15,43.25995000000001,9.935550000000001
2024120805,388,55100,16,43.25995000000001,9.935550000000001
2024120805,388,55100,17,43.25995000000001,9.935550000000001
2024120805,388,55100,18,43.25995000000001,9.935550000000001
2024120805,388,54586,1,43.25995000000001,9.935550000000001
2024120805,388,54586,2,43.25995000000001,9.935550000000001
2024120805,388,54586,3,43.25995000000001,9.935550000000001
2024120805,388,54586,4,43.25995000000001,9.935550000000001
2024120805,388,54586,5,43.25995000000001,9.935550000000001
2024120805,388,54586,6,43.25995000000001,9.935550000000001
2024120805,388,54586,7,43.25995000000001,9.935550000000001
2024120805,388,54586,8,43.25995000000001,9.935550000000001
2024120805,388,54586,9,43.25995000000001,9.935550000000001
2024120805,388,54586,10,43.25995000000001,9.935550000000001
2024120805,388,54586,11,43.25995000000001,9.935550000000001
2024120805,388,54586,12,43.25995000000001,9.935550000000001
2024120805,388,54586,13,43.25995000000001,9.935550000000001
2024120805,388,54586,14,43.25995000000001,9.935550000000001
2024120805,388,54586,15,43.25995000000001,9.935550000000001
2024120805,388,54586,16,43.25995000000001,9.935550000000001
2024120805,388,54586,17,43.25995000000001,9.935550000000001
2024120805,388,54586,18,43.25995000000001,9.935550000000001
2024120805,388,57213,1,43.25995000000001,9.935550000000001
2024120805,388,57213,2,43.25995000000001,9.935550000000001
2024120805,388,57213,3,43.25995000000001,9.935550000000001
2024120805,388,57213,4,43.25995000000001,9.935550000000001
2024120805,388,57213,5,43.25995000000001,9.935550000000001
2024120805,388,57213,6,43.25995000000001,9.935550000000001
2024120805,388,57213,7,43.25995000000001,9.935550000000001
2024120805,388,57213,8,43.25995000000001,9.935550000000001
2024120805,388,57213,9,43.25995000000001,9.935550000000001
2024120805,388,57213,10,43.25995000000001,9.935550000000001
2024120805,388,57213,11,43.25995000000001,9.935550000000001
2024120805,388,57213,12,43.25995000000001,9.935550000000001
2024120805,388,57213,13,43.25995000000001,9.935550000000001
2024120805,388,57213,14,43.25995000000001,9.935550000000001
2024120805,388,57213,15,43.25995000000001,9.935550000000001
2024120805,388,57213,16,43.25995000000001,9.935550000000001
2024120805,388,57213,17,43.25995000000001,9.935550000000001
2024120805,388,57213,18,43.25995000000001,9.935550000000001
2024120805,453,47877,1,43.25995000000001,9.935550000000001
2024120805,453,47877,2,43.25995000000001,9.935550000000001
2024120805,453,47877,3,43.25995000000001,9.935550000000001
2024120805,453,47877,4,43.25995000000001,9.935550000000001
2024120805,453,47877,5,43.25995000000001,9.935550000000001
2024120805,453,47877,6,43.25995000000001,9.935550000000001
2024120805,453,47877,7,43.25995000000001,9.935550000000001
2024120805,453,47877,8,43.25995000000001,9.935550000000001
2024120805,453,47877,9,43.25995000000001,9.935550000000001
2024120805,453,47877,10,43.25995000000001,9.935550000000001
2024120805,453,47877,11,43.25995000000001,9.935550000000001
2024120805,453,47877,12,43.25995000000001,9.935550000000001
2024120805,453,47877,13,43.25995000000001,9.935550000000001
2024120805,453,47877,14,43.25995000000001,9.935550000000001
2024120805,453,47877,15,43.25995000000001,9.935550000000001
2024120805,453,47877,16,43.25995000000001,9.935550000000001
2024120805,453,47877,17,43.25995000000001,9.935550000000001
2024120805,453,47877,18,43.25995000000001,9.935550000000001
2024120805,453,47877,19,43.25995000000001,9.935550000000001
2024120805,453,47877,20,43.25995000000001,9.935550000000001
2024120805,453,47877,21,43.25995000000001,9.935550000000001
2024120805,453,47877,22,43.25995000000001,9.935550000000001
2024120805,453,47877,23,43.25995000000001,9.935550000000001
2024120805,453,47877,24,43.25995000000001,9.935550000000001
2024120805,453,47877,25,43.25995000000001,9.935550000000001
2024120805,453,47877,26,43.25995000000001,9.935550000000001
2024120805,453,47877,27,43.25995000000001,9.935550000000001
2024120805,453,47877,28,43.25995000000001,9.935550000000001
2024120805,453,47877,29,43.25995000000001,9.935550000000001
2024120805,453,56543,1,43.25995000000001,9.935550000000001
2024120805,453,56543,2,43.25995000000001,9.935550000000001
2024120805,453,56543,3,43.25995000000001,9.935550000000001
2024120805,453,56543,4,43.25995000000001,9.935550000000001
2024120805,453,56543,5,43.25995000000001,9.935550000000001
2024120805,453,56543,6,43.25995000000001,9.935550000000001
2024120805,453,56543,7,43.25995000000001,9.935550000000001
2024120805,453,56543,8,43.25995000000001,9.935550000000001
2024120805,453,56543,9,43.25995000000001,9.935550000000001
2024120805,453,56543,10,43.25995000000001,9.935550000000001
2024120805,453,56543,11,43.25995000000001,9.935550000000001
2024120805,453,56543,12,43.25995000000001,9.935550000000001
2024120805,453,56543,13,43.25995000000001,9.935550000000001
2024120805,453,56543,14,43.25995000000001,9.935550000000001
2024120805,453,56543,15,43.25995000000001,9.935550000000001
2024120805,453,56543,16,43.25995000000001,9.935550000000001
2024120805,453,56543,17,43.25995000000001,9.935550000000001
2024120805,453,56543,18,43.25995000000001,9.935550000000001
2024120805,453,56543,19,43.25995000000001,9.935550000000001
2024120805,453,56543,20,43.25995000000001,9.935550000000001
2024120805,453,56543,21,43.25995000000001,9.935550000000001
2024120805,453,56543,22,43.25995000000001,9.935550000000001
2024120805,453,56543,23,43.25995000000001,9.935550000000001
2024120805,453,56543,24,43.25995000000001,9.935550000000001
2024120805,453,56543,25,43.25995000000001,9.935550000000001
2024120805,453,56543,26,43.25995000000001,9.935550000000001
2024120805,453,56543,27,43.25995000000001,9.935550000000001
2024120805,453,56543,28,43.25995000000001,9.935550000000001
2024120805,453,56543,29,43.25995000000001,9.935550000000001
2024120805,453,38588,1,43.25995000000001,9.935550000000001
2024120805,453,38588,2,43.25995000000001,9.935550000000001
2024120805,453,38588,3,43.25995000000001,9.935550000000001
2024120805,453,38588,4,43.25995000000001,9.935550000000001
2024120805,453,38588,5,43.25995000000001,9.935550000000001
2024120805,453,38588,6,43.25995000000001,9.935550000000001
2024120805,453,38588,7,43.25995000000001,9.935550000000001
2024120805,453,38588,8,43.25995000000001,9.935550000000001
2024120805,453,38588,9,43.25995000000001,9.935550000000001
2024120805,453,38588,10,43.25995000000001,9.935550000000001
2024120805,453,38588,11,43.25995000000001,9.935550000000001
2024120805,453,38588,12,43.25995000000001,9.935550000000001
2024120805,453,38588,13,43.25995000000001,9.935550000000001
2024120805,453,38588,14,43.25995000000001,9.935550000000001
2024120805,453,38588,15,43.25995000000001,9.935550000000001
2024120805,453,38588,16,43.25995000000001,9.935550000000001
2024120805,453,38588,17,43.25995000000001,9.935550000000001
2024120805,453,38588,18,43.25995000000001,9.935550000000001
2024120805,453,38588,19,43.25995000000001,9.935550000000001
2024120805,453,38588,20,43.25995000000001,9.935550000000001
2024120805,453,38588,21,43.25995000000001,9.935550000000001
2024120805,453,38588,22,43.25995000000001,9.935550000000001
2024120805,453,38588,23,43.25995000000001,9.935550000000001
2024120805,453,38588,24,43.25995000000001,9.935550000000001
2024120805,453,38588,25,43.25995000000001,9.935550000000001
2024120805,453,38588,26,43.25995000000001,9.935550000000001
2024120805,453,38588,27,43.25995000000001,9.935550000000001
2024120805,453,38588,28,43.25995000000001,9.935550000000001
2024120805,453,38588,29,43.25995000000001,9.935550000000001
2024120805,453,54622,1,43.25995000000001,9.935550000000001
2024120805,453,54622,2,43.25995000000001,9.935550000000001
2024120805,453,54622,3,43.25995000000001,9.935550000000001
2024120805,453,54622,4,43.25995000000001,9.935550000000001
2024120805,453,54622,5,43.25995000000001,9.935550000000001
2024120805,453,54622,6,43.25995000000001,9.935550000000001
2024120805,453,54622,7,43.25995000000001,9.935550000000001
2024120805,453,54622,8,43.25995000000001,9.935550000000001
2024120805,453,54622,9,43.25995000000001,9.935550000000001
2024120805,453,54622,10,43.25995000000001,9.935550000000001
2024120805,453,54622,11,43.25995000000001,9.935550000000001
2024120805,453,54622,12,43.25995000000001,9.935550000000001
2024120805,453,54622,13,43.25995000000001,9.935550000000001
2024120805,453,54622,14,43.25995000000001,9.935550000000001
2024120805,453,54622,15,43.25995000000001,9.935550000000001
2024120805,453,54622,16,43.25995000000001,9.935550000000001
2024120805,453,54622,17,43.25995000000001,9.935550000000001
2024120805,453,54622,18,43.25995000000001,9.935550000000001
2024120805,453,54622,19,43.25995000000001,9.935550000000001
2024120805,453,54622,20,43.25995000000001,9.935550000000001
2024120805,453,54622,21,43.25995000000001,9.935550000000001
2024120805,453,54622,22,43.25995000000001,9.935550000000001
2024120805,453,54622,23,43.25995000000001,9.935550000000001
2024120805,453,54622,24,43.25995000000001,9.935550000000001
2024120805,453,54622,25,43.25995000000001,9.935550000000001
2024120805,453,54622,26,43.25995000000001,9.935550000000001
2024120805,453,54622,27,43.25995000000001,9.935550000000001
2024120805,453,54622,28,43.25995000000001,9.935550000000001
2024120805,453,54622,29,43.25995000000001,9.935550000000001
2024120805,453,55965,1,43.25995000000001,9.935550000000001
2024120805,453,55965,2,43.25995000000001,9.935550000000001
2024120805,453,55965,3,43.25995000000001,9.935550000000001
2024120805,453,55965,4,43.25995000000001,9.935550000000001
2024120805,453,55965,5,43.25995000000001,9.935550000000001
2024120805,453,55965,6,43.25995000000001,9.935550000000001
2024120805,453,55965,7,43.25995000000001,9.935550000000001
2024120805,453,55965,8,43.25995000000001,9.935550000000001
2024120805,453,55965,9,43.25995000000001,9.935550000000001
2024120805,453,55965,10,43.25995000000001,9.935550000000001
2024120805,453,55965,11,43.25995000000001,9.935550000000001
2024120805,453,55965,12,43.25995000000001,9.935550000000001
2024120805,453,55965,13,43.25995000000001,9.935550000000001
2024120805,453,55965,14,43.25995000000001,9.935550000000001
2024120805,453,55965,15,43.25995000000001,9.935550000000001
2024120805,453,55965,16,43.25995000000001,9.935550000000001
2024120805,453,55965,17,43.25995000000001,9.935550000000001
2024120805,453,55965,18,43.25995000000001,9.935550000000001
2024120805,453,55965,19,43.25995000000001,9.935550000000001
2024120805,453,55965,20,43.25995000000001,9.935550000000001
2024120805,453,55965,21,43.25995000000001,9.935550000000001
2024120805,453,55965,22,43.25995000000001,9.935550000000001
2024120805,453,55965,23,43.25995000000001,9.935550000000001
2024120805,453,55965,24,43.25995000000001,9.935550000000001
2024120805,453,55965,25,43.25995000000001,9.935550000000001
2024120805,453,55965,26,43.25995000000001,9.935550000000001
2024120805,453,55965,27,43.25995000000001,9.935550000000001
2024120805,453,55965,28,43.25995000000001,9.935550000000001
2024120805,453,55965,29,43.25995000000001,9.935550000000001
2024120805,566,54571,1,43.25995000000001,9.935550000000001
2024120805,566,54571,2,43.25995000000001,9.935550000000001
2024120805,566,54571,3,43.25995000000001,9.935550000000001
2024120805,566,54571,4,43.25995000000001,9.935550000000001
2024120805,566,54571,5,43.25995000000001,9.935550000000001
2024120805,566,54571,6,43.25995000000001,9.935550000000001
2024120805,566,54571,7,43.25995000000001,9.935550000000001
2024120805,566,54571,8,43.25995000000001,9.935550000000001
2024120805,635,53509,1,43.25995000000001,9.935550000000001
2024120805,635,53509,2,43.25995000000001,9.935550000000001
2024120805,635,53509,3,43.25995000000001,9.935550000000001
2024120805,635,53509,4,43.25995000000001,9.935550000000001
2024120805,635,53509,5,43.25995000000001,9.935550000000001
2024120805,635,53509,6,43.25995000000001,9.935550000000001
2024120805,635,46902,1,43.25995000000001,9.935550000000001
2024120805,635,46902,2,43.25995000000001,9.935550000000001
2024120805,635,46902,3,43.25995000000001,9.935550000000001
2024120805,635,46902,4,43.25995000000001,9.935550000000001
2024120805,635,46902,5,43.25995000000001,9.935550000000001
2024120805,635,46902,6,43.25995000000001,9.935550000000001
2024120805,635,54556,1,43.25995000000001,9.935550000000001
2024120805,635,54556,2,43.25995000000001,9.935550000000001
2024120805,635,54556,3,43.25995000000001,9.935550000000001
2024120805,635,54556,4,43.25995000000001,9.935550000000001
2024120805,635,54556,5,43.25995000000001,9.935550000000001
2024120805,635,54556,6,43.25995000000001,9.935550000000001
2024120805,700,47890,1,43.25995000000001,9.935550000000001
2024120805,700,47890,2,43.25995000000001,9.935550000000001
2024120805,700,47890,3,43.25995000000001,9.935550000000001
2024120805,700,47890,4,43.25995000000001,9.935550000000001
2024120805,700,47890,5,43.25995000000001,9.935550000000001
2024120805,700,47890,6,43.25995000000001,9.935550000000001
2024120805,700,47890,7,43.25995000000001,9.935550000000001
2024120805,700,47890,8,43.25995000000001,9.935550000000001
2024120805,700,47890,9,43.25995000000001,9.935550000000001
2024120805,700,47890,10,43.25995000000001,9.935550000000001
2024120805,700,47890,11,43.25995000000001,9.935550000000001
2024120805,700,47890,12,43.25995000000001,9.935550000000001
2024120805,700,47890,13,43.25995000000001,9.935550000000001
2024120805,700,47890,14,43.25995000000001,9.935550000000001
2024120805,700,52453,1,43.25995000000001,9.935550000000001
2024120805,700,52453,2,43.25995000000001,9.935550000000001
2024120805,700,52453,3,43.25995000000001,9.935550000000001
2024120805,700,52453,4,43.25995000000001,9.935550000000001
2024120805,700,52453,5,43.25995000000001,9.935550000000001
2024120805,700,52453,6,43.25995000000001,9.935550000000001
2024120805,700,52453,7,43.25995000000001,9.935550000000001
2024120805,700,52453,8,43.25995000000001,9.935550000000001
2024120805,700,52453,9,43.25995000000001,9.935550000000001
2024120805,700,52453,10,43.25995000000001,9.935550000000001
2024120805,700,52453,11,43.25995000000001,9.935550000000001
2024120805,700,52453,12,43.25995000000001,9.935550000000001
2024120805,700,52453,13,43.25995000000001,9.935550000000001
2024120805,700,52453,14,43.25995000000001,9.935550000000001
2024120805,700,56543,1,43.25995000000001,9.935550000000001
2024120805,700,56543,2,43.25995000000001,9.935550000000001
2024120805,700,56543,3,43.25995000000001,9.935550000000001
2024120805,700,56543,4,43.25995000000001,9.935550000000001
2024120805,700,56543,5,43.25995000000001,9.935550000000001
2024120805,700,56543,6,43.25995000000001,9.935550000000001
2024120805,700,56543,7,43.25995000000001,9.935550000000001
2024120805,700,56543,8,43.25995000000001,9.935550000000001
2024120805,700,56543,9,43.25995000000001,9.935550000000001
2024120805,700,56543,10,43.25995000000001,9.935550000000001
2024120805,700,56543,11,43.25995000000001,9.935550000000001
2024120805,700,56543,12,43.25995000000001,9.935550000000001
2024120805,700,56543,13,43.25995000000001,9.935550000000001
2024120805,700,56543,14,43.25995000000001,9.935550000000001
2024120805,700,38588,1,43.25995000000001,9.935550000000001
2024120805,700,38588,2,43.25995000000001,9.935550000000001
2024120805,700,38588,3,43.25995000000001,9.935550000000001
2024120805,700,38588,4,43.25995000000001,9.935550000000001
2024120805,700,38588,5,43.25995000000001,9.935550000000001
2024120805,700,38588,6,43.25995000000001,9.935550000000001
2024120805,700,38588,7,43.25995000000001,9.935550000000001
2024120805,700,38588,8,43.25995000000001,9.935550000000001
2024120805,700,38588,9,43.25995000000001,9.935550000000001
2024120805,700,38588,10,43.25995000000001,9.935550000000001
2024120805,700,38588,11,43.25995000000001,9.935550000000001
2024120805,700,38588,12,43.25995000000001,9.935550000000001
2024120805,700,38588,13,43.25995000000001,9.935550000000001
2024120805,700,38588,14,43.25995000000001,9.935550000000001
2024120805,700,54622,1,43.25995000000001,9.935550000000001
2024120805,700,54622,2,43.25995000000001,9.935550000000001
2024120805,700,54622,3,43.25995000000001,9.935550000000001
2024120805,700,54622,4,43.25995000000001,9.935550000000001
2024120805,700,54622,5,43.25995000000001,9.935550000000001
2024120805,700,54622,6,43.25995000000001,9.935550000000001
2024120805,700,54622,7,43.25995000000001,9.935550000000001
2024120805,700,54622,8,43.25995000000001,9.935550000000001
2024120805,700,54622,9,43.25995000000001,9.935550000000001
2024120805,700,54622,10,43.25995000000001,9.935550000000001
2024120805,700,54622,11,43.25995000000001,9.935550000000001
2024120805,700,54622,12,43.25995000000001,9.935550000000001
2024120805,700,54622,13,43.25995000000001,9.935550000000001
2024120805,700,54622,14,43.25995000000001,9.935550000000001
2024120805,700,55900,1,43.25995000000001,9.935550000000001
2024120805,700,55900,2,43.25995000000001,9.935550000000001
2024120805,700,55900,3,43.25995000000001,9.935550000000001
2024120805,700,55900,4,43.25995000000001,9.935550000000001
2024120805,700,55900,5,43.25995000000001,9.935550000000001
2024120805,700,55900,6,43.25995000000001,9.935550000000001
2024120805,700,55900,7,43.25995000000001,9.935550000000001
2024120805,700,55900,8,43.25995000000001,9.935550000000001
2024120805,700,55900,9,43.25995000000001,9.935550000000001
2024120805,700,55900,10,43.25995000000001,9.935550000000001
2024120805,700,55900,11,43.25995000000001,9.935550000000001
2024120805,700,55900,12,43.25995000000001,9.935550000000001
2024120805,700,55900,13,43.25995000000001,9.935550000000001
2024120805,700,55900,14,43.25995000000001,9.935550000000001
2024120805,723,47890,1,43.25995000000001,9.935550000000001
2024120805,723,47890,2,43.25995000000001,9.935550000000001
2024120805,723,47890,3,43.25995000000001,9.935550000000001
2024120805,723,47890,4,43.25995000000001,9.935550000000001
2024120805,723,47890,5,43.25995000000001,9.935550000000001
2024120805,723,47890,6,43.25995000000001,9.935550000000001
2024120805,723,47890,7,43.25995000000001,9.935550000000001
2024120805,723,47890,8,43.25995000000001,9.935550000000001
2024120805,723,47890,9,43.25995000000001,9.935550000000001
2024120805,723,47890,10,43.25995000000001,9.935550000000001
2024120805,723,47890,11,43.25995000000001,9.935550000000001
2024120805,723,54622,1,43.25995000000001,9.935550000000001
2024120805,723,54622,2,43.25995000000001,9.935550000000001
2024120805,723,54622,3,43.25995000000001,9.935550000000001
2024120805,723,54622,4,43.25995000000001,9.935550000000001
2024120805,723,54622,5,43.25995000000001,9.935550000000001
2024120805,723,54622,6,43.25995000000001,9.935550000000001
2024120805,723,54622,7,43.25995000000001,9.935550000000001
2024120805,723,54622,8,43.25995000000001,9.935550000000001
2024120805,723,54622,9,43.25995000000001,9.935550000000001
2024120805,723,54622,10,43.25995000000001,9.935550000000001
2024120805,723,54622,11,43.25995000000001,9.935550000000001
2024120805,723,48097,1,43.25995000000001,9.935550000000001
2024120805,723,48097,2,43.25995000000001,9.935550000000001
2024120805,723,48097,3,43.25995000000001,9.935550000000001
2024120805,723,48097,4,43.25995000000001,9.935550000000001
2024120805,723,48097,5,43.25995000000001,9.935550000000001
2024120805,723,48097,6,43.25995000000001,9.935550000000001
2024120805,723,48097,7,43.25995000000001,9.935550000000001
2024120805,723,48097,8,43.25995000000001,9.935550000000001
2024120805,723,48097,9,43.25995000000001,9.935550000000001
2024120805,723,48097,10,43.25995000000001,9.935550000000001
2024120805,723,48097,11,43.25995000000001,9.935550000000001
2024120805,911,52518,1,43.25995000000001,9.935550000000001
2024120805,911,52518,2,43.25995000000001,9.935550000000001
2024120805,911,52518,3,43.25995000000001,9.935550000000001
2024120805,911,52518,4,43.25995000000001,9.935550000000001
2024120805,911,52518,5,43.25995000000001,9.935550000000001
2024120805,911,52518,6,43.25995000000001,9.935550000000001
2024120805,911,52518,7,43.25995000000001,9.935550000000001
2024120805,911,52518,8,43.25995000000001,9.935550000000001
2024120805,911,52518,9,43.25995000000001,9.935550000000001
2024120805,911,52518,10,43.25995000000001,9.935550000000001
2024120805,911,52518,11,43.25995000000001,9.935550000000001
2024120805,911,52518,12,43.25995000000001,9.935550000000001
2024120805,911,52518,13,43.25995000000001,9.935550000000001
2024120805,911,52518,14,43.25995000000001,9.935550000000001
2024120805,911,52518,15,43.25995000000001,9.935550000000001
2024120805,911,52518,16,43.25995000000001,9.935550000000001
2024120805,911,52518,17,43.25995000000001,9.935550000000001
2024120805,911,52518,18,43.25995000000001,9.935550000000001
2024120805,911,52518,19,43.25995000000001,9.935550000000001
2024120805,911,57213,1,43.25995000000001,9.935550000000001
2024120805,911,57213,2,43.25995000000001,9.935550000000001
2024120805,911,57213,3,43.25995000000001,9.935550000000001
2024120805,911,57213,4,43.25995000000001,9.935550000000001
2024120805,911,57213,5,43.25995000000001,9.935550000000001
2024120805,911,57213,6,43.25995000000001,9.935550000000001
2024120805,911,57213,7,43.25995000000001,9.935550000000001
2024120805,911,57213,8,43.25995000000001,9.935550000000001
2024120805,911,57213,9,43.25995000000001,9.935550000000001
2024120805,911,57213,10,43.25995000000001,9.935550000000001
2024120805,911,57213,11,43.25995000000001,9.935550000000001
2024120805,911,57213,12,43.25995000000001,9.935550000000001
2024120805,911,57213,13,43.25995000000001,9.935550000000001
2024120805,911,57213,14,43.25995000000001,9.935550000000001
2024120805,911,57213,15,43.25995000000001,9.935550000000001
2024120805,911,57213,16,43.25995000000001,9.935550000000001
2024120805,911,57213,17,43.25995000000001,9.935550000000001
2024120805,911,57213,18,43.25995000000001,9.935550000000001
2024120805,911,57213,19,43.25995000000001,9.935550000000001
2024120805,934,52518,1,43.25995000000001,9.935550000000001
2024120805,934,52518,2,43.25995000000001,9.935550000000001
2024120805,934,52518,3,43.25995000000001,9.935550000000001
2024120805,934,52518,4,43.25995000000001,9.935550000000001
2024120805,934,52518,5,43.25995000000001,9.935550000000001
2024120805,934,52518,6,43.25995000000001,9.935550000000001
2024120805,934,52518,7,43.25995000000001,9.935550000000001
2024120805,934,52518,8,43.25995000000001,9.935550000000001
2024120805,934,52518,9,43.25995000000001,9.935550000000001
2024120805,934,52518,10,43.25995000000001,9.935550000000001
2024120805,934,52518,11,43.25995000000001,9.935550000000001
2024120805,934,54586,1,43.25995000000001,9.935550000000001
2024120805,934,54586,2,43.25995000000001,9.935550000000001
2024120805,934,54586,3,43.25995000000001,9.935550000000001
2024120805,934,54586,4,43.25995000000001,9.935550000000001
2024120805,934,54586,5,43.25995000000001,9.935550000000001
2024120805,934,54586,6,43.25995000000001,9.935550000000001
2024120805,934,54586,7,43.25995000000001,9.935550000000001
2024120805,934,54586,8,43.25995000000001,9.935550000000001
2024120805,934,54586,9,43.25995000000001,9.935550000000001
2024120805,934,54586,10,43.25995000000001,9.935550000000001
2024120805,934,54586,11,43.25995000000001,9.935550000000001
2024120805,934,43329,1,43.25995000000001,9.935550000000001
2024120805,934,43329,2,43.25995000000001,9.935550000000001
2024120805,934,43329,3,43.25995000000001,9.935550000000001
2024120805,934,43329,4,43.25995000000001,9.935550000000001
2024120805,934,43329,5,43.25995000000001,9.935550000000001
2024120805,934,43329,6,43.25995000000001,9.935550000000001
2024120805,934,43329,7,43.25995000000001,9.935550000000001
2024120805,934,43329,8,43.25995000000001,9.935550000000001
2024120805,934,43329,9,43.25995000000001,9.935550000000001
2024120805,934,43329,10,43.25995000000001,9.935550000000001
2024120805,934,43329,11,43.25995000000001,9.935550000000001
2024120805,1201,52453,1,43.25995000000001,9.935550000000001
2024120805,1201,52453,2,43.25995000000001,9.935550000000001
2024120805,1201,52453,3,43.25995000000001,9.935550000000001
2024120805,1201,52453,4,43.25995000000001,9.935550000000001
2024120805,1201,52453,5,43.25995000000001,9.935550000000001
2024120805,1201,52453,6,43.25995000000001,9.935550000000001
2024120805,1201,52453,7,43.25995000000001,9.935550000000001
2024120805,1201,52453,8,43.25995000000001,9.935550000000001
2024120805,1201,52453,9,43.25995000000001,9.935550000000001
2024120805,1201,52453,10,43.25995000000001,9.935550000000001
2024120805,1201,52453,11,43.25995000000001,9.935550000000001
2024120805,1201,52453,12,43.25995000000001,9.935550000000001
2024120805,1201,52453,13,43.25995000000001,9.935550000000001
2024120805,1201,52453,14,43.25995000000001,9.935550000000001
2024120805,1201,52453,15,43.25995000000001,9.935550000000001
2024120805,1201,52453,16,43.25995000000001,9.935550000000001
2024120805,1201,52453,17,43.25995000000001,9.935550000000001
2024120805,1201,52453,18,43.25995000000001,9.935550000000001
2024120805,1201,52453,19,43.25995000000001,9.935550000000001
2024120805,1201,52453,20,43.25995000000001,9.935550000000001
2024120805,1201,52453,21,43.25995000000001,9.935550000000001
2024120805,1201,52453,22,43.25995000000001,9.935550000000001
2024120805,1201,52453,23,43.25995000000001,9.935550000000001
2024120805,1201,52453,24,43.25995000000001,9.935550000000001
2024120805,1201,56540,1,43.25995000000001,9.935550000000001
2024120805,1201,56540,2,43.25995000000001,9.935550000000001
2024120805,1201,56540,3,43.25995000000001,9.935550000000001
2024120805,1201,56540,4,43.25995000000001,9.935550000000001
2024120805,1201,56540,5,43.25995000000001,9.935550000000001
2024120805,1201,56540,6,43.25995000000001,9.935550000000001
2024120805,1201,56540,7,43.25995000000001,9.935550000000001
2024120805,1201,56540,8,43.25995000000001,9.935550000000001
2024120805,1201,56540,9,43.25995000000001,9.935550000000001
2024120805,1201,56540,10,43.25995000000001,9.935550000000001
2024120805,1201,56540,11,43.25995000000001,9.935550000000001
2024120805,1201,56540,12,43.25995000000001,9.935550000000001
2024120805,1201,56540,13,43.25995000000001,9.935550000000001
2024120805,1201,56540,14,43.25995000000001,9.935550000000001
2024120805,1201,56540,15,43.25995000000001,9.935550000000001
2024120805,1201,56540,16,43.25995000000001,9.935550000000001
2024120805,1201,56540,17,43.25995000000001,9.935550000000001
2024120805,1201,56540,18,43.25995000000001,9.935550000000001
2024120805,1201,56540,19,43.25995000000001,9.935550000000001
2024120805,1201,56540,20,43.25995000000001,9.935550000000001
2024120805,1201,56540,21,43.25995000000001,9.935550000000001
2024120805,1201,56540,22,43.25995000000001,9.935550000000001
2024120805,1201,56540,23,43.25995000000001,9.935550000000001
2024120805,1201,56540,24,43.25995000000001,9.935550000000001
2024120805,1201,47877,1,43.25995000000001,9.935550000000001
2024120805,1201,47877,2,43.25995000000001,9.935550000000001
2024120805,1201,47877,3,43.25995000000001,9.935550000000001
2024120805,1201,47877,4,43.25995000000001,9.935550000000001
2024120805,1201,47877,5,43.25995000000001,9.935550000000001
2024120805,1201,47877,6,43.25995000000001,9.935550000000001
2024120805,1201,47877,7,43.25995000000001,9.935550000000001
2024120805,1201,47877,8,43.25995000000001,9.935550000000001
2024120805,1201,47877,9,43.25995000000001,9.935550000000001
2024120805,1201,47877,10,43.25995000000001,9.935550000000001
2024120805,1201,47877,11,43.25995000000001,9.935550000000001
2024120805,1201,47877,12,43.25995000000001,9.935550000000001
2024120805,1201,47877,13,43.25995000000001,9.935550000000001
2024120805,1201,47877,14,43.25995000000001,9.935550000000001
2024120805,1201,47877,15,43.25995000000001,9.935550000000001
2024120805,1201,47877,16,43.25995000000001,9.935550000000001
2024120805,1201,47877,17,43.25995000000001,9.935550000000001
2024120805,1201,47877,18,43.25995000000001,9.935550000000001
2024120805,1201,47877,19,43.25995000000001,9.935550000000001
2024120805,1201,47877,20,43.25995000000001,9.935550000000001
2024120805,1201,47877,21,43.25995000000001,9.935550000000001
2024120805,1201,47877,22,43.25995000000001,9.935550000000001
2024120805,1201,47877,23,43.25995000000001,9.935550000000001
2024120805,1201,47877,24,43.25995000000001,9.935550000000001
2024120805,1201,54831,1,43.25995000000001,9.935550000000001
2024120805,1201,54831,2,43.25995000000001,9.935550000000001
2024120805,1201,54831,3,43.25995000000001,9.935550000000001
2024120805,1201,54831,4,43.25995000000001,9.935550000000001
2024120805,1201,54831,5,43.25995000000001,9.935550000000001
2024120805,1201,54831,6,43.25995000000001,9.935550000000001
2024120805,1201,54831,7,43.25995000000001,9.935550000000001
2024120805,1201,54831,8,43.25995000000001,9.935550000000001
2024120805,1201,54831,9,43.25995000000001,9.935550000000001
2024120805,1201,54831,10,43.25995000000001,9.935550000000001
2024120805,1201,54831,11,43.25995000000001,9.935550000000001
2024120805,1201,54831,12,43.25995000000001,9.935550000000001
2024120805,1201,54831,13,43.25995000000001,9.935550000000001
2024120805,1201,54831,14,43.25995000000001,9.935550000000001
2024120805,1201,54831,15,43.25995000000001,9.935550000000001
2024120805,1201,54831,16,43.25995000000001,9.935550000000001
2024120805,1201,54831,17,43.25995000000001,9.935550000000001
2024120805,1201,54831,18,43.25995000000001,9.935550000000001
2024120805,1201,54831,19,43.25995000000001,9.935550000000001
2024120805,1201,54831,20,43.25995000000001,9.935550000000001
2024120805,1201,54831,21,43.25995000000001,9.935550000000001
2024120805,1201,54831,22,43.25995000000001,9.935550000000001
2024120805,1201,54831,23,43.25995000000001,9.935550000000001
2024120805,1201,54831,24,43.25995000000001,9.935550000000001
2024120805,1201,55965,1,43.25995000000001,9.935550000000001
2024120805,1201,55965,2,43.25995000000001,9.935550000000001
2024120805,1201,55965,3,43.25995000000001,9.935550000000001
2024120805,1201,55965,4,43.25995000000001,9.935550000000001
2024120805,1201,55965,5,43.25995000000001,9.935550000000001
2024120805,1201,55965,6,43.25995000000001,9.935550000000001
2024120805,1201,55965,7,43.25995000000001,9.935550000000001
2024120805,1201,55965,8,43.25995000000001,9.935550000000001
2024120805,1201,55965,9,43.25995000000001,9.935550000000001
2024120805,1201,55965,10,43.25995000000001,9.935550000000001
2024120805,1201,55965,11,43.25995000000001,9.935550000000001
2024120805,1201,55965,12,43.25995000000001,9.935550000000001
2024120805,1201,55965,13,43.25995000000001,9.935550000000001
2024120805,1201,55965,14,43.25995000000001,9.935550000000001
2024120805,1201,55965,15,43.25995000000001,9.935550000000001
2024120805,1201,55965,16,43.25995000000001,9.935550000000001
2024120805,1201,55965,17,43.25995000000001,9.935550000000001
2024120805,1201,55965,18,43.25995000000001,9.935550000000001
2024120805,1201,55965,19,43.25995000000001,9.935550000000001
2024120805,1201,55965,20,43.25995000000001,9.935550000000001
2024120805,1201,55965,21,43.25995000000001,9.935550000000001
2024120805,1201,55965,22,43.25995000000001,9.935550000000001
2024120805,1201,55965,23,43.25995000000001,9.935550000000001
2024120805,1201,55965,24,43.25995000000001,9.935550000000001
2024120805,1231,56540,1,43.25995000000001,9.935550000000001
2024120805,1231,56540,2,43.25995000000001,9.935550000000001
2024120805,1231,56540,3,43.25995000000001,9.935550000000001
2024120805,1231,56540,4,43.25995000000001,9.935550000000001
2024120805,1231,56540,5,43.25995000000001,9.935550000000001
2024120805,1231,56540,6,43.25995000000001,9.935550000000001
2024120805,1231,56540,7,43.25995000000001,9.935550000000001
2024120805,1231,56540,8,43.25995000000001,9.935550000000001
2024120805,1231,56540,9,43.25995000000001,9.935550000000001
2024120805,1231,54622,1,43.25995000000001,9.935550000000001
2024120805,1231,54622,2,43.25995000000001,9.935550000000001
2024120805,1231,54622,3,43.25995000000001,9.935550000000001
2024120805,1231,54622,4,43.25995000000001,9.935550000000001
2024120805,1231,54622,5,43.25995000000001,9.935550000000001
2024120805,1231,54622,6,43.25995000000001,9.935550000000001
2024120805,1231,54622,7,43.25995000000001,9.935550000000001
2024120805,1231,54622,8,43.25995000000001,9.935550000000001
2024120805,1231,54622,9,43.25995000000001,9.935550000000001
2024120805,1231,57134,1,43.25995000000001,9.935550000000001
2024120805,1231,57134,2,43.25995000000001,9.935550000000001
2024120805,1231,57134,3,43.25995000000001,9.935550000000001
2024120805,1231,57134,4,43.25995000000001,9.935550000000001
2024120805,1231,57134,5,43.25995000000001,9.935550000000001
2024120805,1231,57134,6,43.25995000000001,9.935550000000001
2024120805,1231,57134,7,43.25995000000001,9.935550000000001
2024120805,1231,57134,8,43.25995000000001,9.935550000000001
2024120805,1231,57134,9,43.25995000000001,9.935550000000001
2024120805,1303,47890,1,43.25995000000001,9.935550000000001
2024120805,1303,47890,2,43.25995000000001,9.935550000000001
2024120805,1303,47890,3,43.25995000000001,9.935550000000001
2024120805,1303,47890,4,43.25995000000001,9.935550000000001
2024120805,1303,47890,5,43.25995000000001,9.935550000000001
2024120805,1303,47890,6,43.25995000000001,9.935550000000001
2024120805,1303,47890,7,43.25995000000001,9.935550000000001
2024120805,1303,47890,8,43.25995000000001,9.935550000000001
2024120805,1303,47890,9,43.25995000000001,9.935550000000001
2024120805,1303,47890,10,43.25995000000001,9.935550000000001
2024120805,1303,47890,11,43.25995000000001,9.935550000000001
2024120805,1303,47890,12,43.25995000000001,9.935550000000001
2024120805,1303,47890,13,43.25995000000001,9.935550000000001
2024120805,1303,47890,14,43.25995000000001,9.935550000000001
2024120805,1303,47890,15,43.25995000000001,9.935550000000001
2024120805,1303,52453,1,43.25995000000001,9.935550000000001
2024120805,1303,52453,2,43.25995000000001,9.935550000000001
2024120805,1303,52453,3,43.25995000000001,9.935550000000001
2024120805,1303,52453,4,43.25995000000001,9.935550000000001
2024120805,1303,52453,5,43.25995000000001,9.935550000000001
2024120805,1303,52453,6,43.25995000000001,9.935550000000001
2024120805,1303,52453,7,43.25995000000001,9.935550000000001
2024120805,1303,52453,8,43.25995000000001,9.935550000000001
2024120805,1303,52453,9,43.25995000000001,9.935550000000001
2024120805,1303,52453,10,43.25995000000001,9.935550000000001
2024120805,1303,52453,11,43.25995000000001,9.935550000000001
2024120805,1303,52453,12,43.25995000000001,9.935550000000001
2024120805,1303,52453,13,43.25995000000001,9.935550000000001
2024120805,1303,52453,14,43.25995000000001,9.935550000000001
2024120805,1303,52453,15,43.25995000000001,9.935550000000001
2024120805,1303,56543,1,43.25995000000001,9.935550000000001
2024120805,1303,56543,2,43.25995000000001,9.935550000000001
2024120805,1303,56543,3,43.25995000000001,9.935550000000001
2024120805,1303,56543,4,43.25995000000001,9.935550000000001
2024120805,1303,56543,5,43.25995000000001,9.935550000000001
2024120805,1303,56543,6,43.25995000000001,9.935550000000001
2024120805,1303,56543,7,43.25995000000001,9.935550000000001
2024120805,1303,56543,8,43.25995000000001,9.935550000000001
2024120805,1303,56543,9,43.25995000000001,9.935550000000001
2024120805,1303,56543,10,43.25995000000001,9.935550000000001
2024120805,1303,56543,11,43.25995000000001,9.935550000000001
2024120805,1303,56543,12,43.25995000000001,9.935550000000001
2024120805,1303,56543,13,43.25995000000001,9.935550000000001
2024120805,1303,56543,14,43.25995000000001,9.935550000000001
2024120805,1303,56543,15,43.25995000000001,9.935550000000001
2024120805,1303,54622,1,43.25995000000001,9.935550000000001
2024120805,1303,54622,2,43.25995000000001,9.935550000000001
2024120805,1303,54622,3,43.25995000000001,9.935550000000001
2024120805,1303,54622,4,43.25995000000001,9.935550000000001
2024120805,1303,54622,5,43.25995000000001,9.935550000000001
2024120805,1303,54622,6,43.25995000000001,9.935550000000001
2024120805,1303,54622,7,43.25995000000001,9.935550000000001
2024120805,1303,54622,8,43.25995000000001,9.935550000000001
2024120805,1303,54622,9,43.25995000000001,9.935550000000001
2024120805,1303,54622,10,43.25995000000001,9.935550000000001
2024120805,1303,54622,11,43.25995000000001,9.935550000000001
2024120805,1303,54622,12,43.25995000000001,9.935550000000001
2024120805,1303,54622,13,43.25995000000001,9.935550000000001
2024120805,1303,54622,14,43.25995000000001,9.935550000000001
2024120805,1303,54622,15,43.25995000000001,9.935550000000001
2024120805,1303,55900,1,43.25995000000001,9.935550000000001
2024120805,1303,55900,2,43.25995000000001,9.935550000000001
2024120805,1303,55900,3,43.25995000000001,9.935550000000001
2024120805,1303,55900,4,43.25995000000001,9.935550000000001
2024120805,1303,55900,5,43.25995000000001,9.935550000000001
2024120805,1303,55900,6,43.25995000000001,9.935550000000001
2024120805,1303,55900,7,43.25995000000001,9.935550000000001
2024120805,1303,55900,8,43.25995000000001,9.935550000000001
2024120805,1303,55900,9,43.25995000000001,9.935550000000001
2024120805,1303,55900,10,43.25995000000001,9.935550000000001
2024120805,1303,55900,11,43.25995000000001,9.935550000000001
2024120805,1303,55900,12,43.25995000000001,9.935550000000001
2024120805,1303,55900,13,43.25995000000001,9.935550000000001
2024120805,1303,55900,14,43.25995000000001,9.935550000000001
2024120805,1303,55900,15,43.25995000000001,9.935550000000001
2024120805,1524,52518,1,43.25995000000001,9.935550000000001
2024120805,1524,52518,2,43.25995000000001,9.935550000000001
2024120805,1524,52518,3,43.25995000000001,9.935550000000001
2024120805,1524,52518,4,43.25995000000001,9.935550000000001
2024120805,1524,52518,5,43.25995000000001,9.935550000000001
2024120805,1524,52518,6,43.25995000000001,9.935550000000001
2024120805,1524,52518,7,43.25995000000001,9.935550000000001
2024120805,1524,52518,8,43.25995000000001,9.935550000000001
2024120805,1524,53472,1,43.25995000000001,9.935550000000001
2024120805,1524,53472,2,43.25995000000001,9.935550000000001
2024120805,1524,53472,3,43.25995000000001,9.935550000000001
2024120805,1524,53472,4,43.25995000000001,9.935550000000001
2024120805,1524,53472,5,43.25995000000001,9.935550000000001
2024120805,1524,53472,6,43.25995000000001,9.935550000000001
2024120805,1524,53472,7,43.25995000000001,9.935550000000001
2024120805,1524,53472,8,43.25995000000001,9.935550000000001
2024120805,1524,56663,1,43.25995000000001,9.935550000000001
2024120805,1524,56663,2,43.25995000000001,9.935550000000001
2024120805,1524,56663,3,43.25995000000001,9.935550000000001
2024120805,1524,56663,4,43.25995000000001,9.935550000000001
2024120805,1524,56663,5,43.25995000000001,9.935550000000001
2024120805,1524,56663,6,43.25995000000001,9.935550000000001
2024120805,1524,56663,7,43.25995000000001,9.935550000000001
2024120805,1524,56663,8,43.25995000000001,9.935550000000001
2024120805,1603,56540,1,43.25995000000001,9.935550000000001
2024120805,1603,56540,2,43.25995000000001,9.935550000000001
2024120805,1603,56540,3,43.25995000000001,9.935550000000001
2024120805,1603,56540,4,43.25995000000001,9.935550000000001
2024120805,1603,56540,5,43.25995000000001,9.935550000000001
2024120805,1603,56540,6,43.25995000000001,9.935550000000001
2024120805,1603,56540,7,43.25995000000001,9.935550000000001
2024120805,1603,56540,8,43.25995000000001,9.935550000000001
2024120805,1603,56540,9,43.25995000000001,9.935550000000001
2024120805,1603,47877,1,43.25995000000001,9.935550000000001
2024120805,1603,47877,2,43.25995000000001,9.935550000000001
2024120805,1603,47877,3,43.25995000000001,9.935550000000001
2024120805,1603,47877,4,43.25995000000001,9.935550000000001
2024120805,1603,47877,5,43.25995000000001,9.935550000000001
2024120805,1603,47877,6,43.25995000000001,9.935550000000001
2024120805,1603,47877,7,43.25995000000001,9.935550000000001
2024120805,1603,47877,8,43.25995000000001,9.935550000000001
2024120805,1603,47877,9,43.25995000000001,9.935550000000001
2024120805,1603,55965,1,43.25995000000001,9.935550000000001
2024120805,1603,55965,2,43.25995000000001,9.935550000000001
2024120805,1603,55965,3,43.25995000000001,9.935550000000001
2024120805,1603,55965,4,43.25995000000001,9.935550000000001
2024120805,1603,55965,5,43.25995000000001,9.935550000000001
2024120805,1603,55965,6,43.25995000000001,9.935550000000001
2024120805,1603,55965,7,43.25995000000001,9.935550000000001
2024120805,1603,55965,8,43.25995000000001,9.935550000000001
2024120805,1603,55965,9,43.25995000000001,9.935550000000001
2024120805,1682,57178,1,43.25995000000001,9.935550000000001
2024120805,1682,57178,2,43.25995000000001,9.935550000000001
2024120805,1682,57178,3,43.25995000000001,9.935550000000001
2024120805,1682,57178,4,43.25995000000001,9.935550000000001
2024120805,1682,57178,5,43.25995000000001,9.935550000000001
2024120805,1682,57178,6,43.25995000000001,9.935550000000001
2024120805,1682,57178,7,43.25995000000001,9.935550000000001
2024120805,1682,57178,8,43.25995000000001,9.935550000000001
2024120805,1682,57178,9,43.25995000000001,9.935550000000001
2024120805,1682,47877,1,43.25995000000001,9.935550000000001
2024120805,1682,47877,2,43.25995000000001,9.935550000000001
2024120805,1682,47877,3,43.25995000000001,9.935550000000001
2024120805,1682,47877,4,43.25995000000001,9.935550000000001
2024120805,1682,47877,5,43.25995000000001,9.935550000000001
2024120805,1682,47877,6,43.25995000000001,9.935550000000001
2024120805,1682,47877,7,43.25995000000001,9.935550000000001
2024120805,1682,47877,8,43.25995000000001,9.935550000000001
2024120805,1682,47877,9,43.25995000000001,9.935550000000001
2024120805,1682,55097,1,43.25995000000001,9.935550000000001
2024120805,1682,55097,2,43.25995000000001,9.935550000000001
2024120805,1682,55097,3,43.25995000000001,9.935550000000001
2024120805,1682,55097,4,43.25995000000001,9.935550000000001
2024120805,1682,55097,5,43.25995000000001,9.935550000000001
2024120805,1682,55097,6,43.25995000000001,9.935550000000001
2024120805,1682,55097,7,43.25995000000001,9.935550000000001
2024120805,1682,55097,8,43.25995000000001,9.935550000000001
2024120805,1682,55097,9,43.25995000000001,9.935550000000001
2024120805,1822,56068,1,43.25995000000001,9.935550000000001
2024120805,1822,56068,2,43.25995000000001,9.935550000000001
2024120805,1822,56068,3,43.25995000000001,9.935550000000001
2024120805,1822,56068,4,43.25995000000001,9.935550000000001
2024120805,1822,56068,5,43.25995000000001,9.935550000000001
2024120805,1822,56068,6,43.25995000000001,9.935550000000001
2024120805,1822,56068,7,43.25995000000001,9.935550000000001
2024120805,1822,56068,8,43.25995000000001,9.935550000000001
2024120805,1822,56068,9,43.25995000000001,9.935550000000001
2024120805,1822,56068,10,43.25995000000001,9.935550000000001
2024120805,1822,56068,11,43.25995000000001,9.935550000000001
2024120805,1822,57233,1,43.25995000000001,9.935550000000001
2024120805,1822,57233,2,43.25995000000001,9.935550000000001
2024120805,1822,57233,3,43.25995000000001,9.935550000000001
2024120805,1822,57233,4,43.25995000000001,9.935550000000001
2024120805,1822,57233,5,43.25995000000001,9.935550000000001
2024120805,1822,57233,6,43.25995000000001,9.935550000000001
2024120805,1822,57233,7,43.25995000000001,9.935550000000001
2024120805,1822,57233,8,43.25995000000001,9.935550000000001
2024120805,1822,57233,9,43.25995000000001,9.935550000000001
2024120805,1822,57233,10,43.25995000000001,9.935550000000001
2024120805,1822,57233,11,43.25995000000001,9.935550000000001
2024120805,1822,55100,1,43.25995000000001,9.935550000000001
2024120805,1822,55100,2,43.25995000000001,9.935550000000001
2024120805,1822,55100,3,43.25995000000001,9.935550000000001
2024120805,1822,55100,4,43.25995000000001,9.935550000000001
2024120805,1822,55100,5,43.25995000000001,9.935550000000001
2024120805,1822,55100,6,43.25995000000001,9.935550000000001
2024120805,1822,55100,7,43.25995000000001,9.935550000000001
2024120805,1822,55100,8,43.25995000000001,9.935550000000001
2024120805,1822,55100,9,43.25995000000001,9.935550000000001
2024120805,1822,55100,10,43.25995000000001,9.935550000000001
2024120805,1822,55100,11,43.25995000000001,9.935550000000001
2024120805,1822,52428,1,43.25995000000001,9.935550000000001
2024120805,1822,52428,2,43.25995000000001,9.935550000000001
2024120805,1822,52428,3,43.25995000000001,9.935550000000001
2024120805,1822,52428,4,43.25995000000001,9.935550000000001
2024120805,1822,52428,5,43.25995000000001,9.935550000000001
2024120805,1822,52428,6,43.25995000000001,9.935550000000001
2024120805,1822,52428,7,43.25995000000001,9.935550000000001
2024120805,1822,52428,8,43.25995000000001,9.935550000000001
2024120805,1822,52428,9,43.25995000000001,9.935550000000001
2024120805,1822,52428,10,43.25995000000001,9.935550000000001
2024120805,1822,52428,11,43.25995000000001,9.935550000000001
2024120805,1822,53472,1,43.25995000000001,9.935550000000001
2024120805,1822,53472,2,43.25995000000001,9.935550000000001
2024120805,1822,53472,3,43.25995000000001,9.935550000000001
2024120805,1822,53472,4,43.25995000000001,9.935550000000001
2024120805,1822,53472,5,43.25995000000001,9.935550000000001
2024120805,1822,53472,6,43.25995000000001,9.935550000000001
2024120805,1822,53472,7,43.25995000000001,9.935550000000001
2024120805,1822,53472,8,43.25995000000001,9.935550000000001
2024120805,1822,53472,9,43.25995000000001,9.935550000000001
2024120805,1822,53472,10,43.25995000000001,9.935550000000001
2024120805,1822,53472,11,43.25995000000001,9.935550000000001
2024120805,1822,43329,1,43.25995000000001,9.935550000000001
2024120805,1822,43329,2,43.25995000000001,9.935550000000001
2024120805,1822,43329,3,43.25995000000001,9.935550000000001
2024120805,1822,43329,4,43.25995000000001,9.935550000000001
2024120805,1822,43329,5,43.25995000000001,9.935550000000001
2024120805,1822,43329,6,43.25995000000001,9.935550000000001
2024120805,1822,43329,7,43.25995000000001,9.935550000000001
2024120805,1822,43329,8,43.25995000000001,9.935550000000001
2024120805,1822,43329,9,43.25995000000001,9.935550000000001
2024120805,1822,43329,10,43.25995000000001,9.935550000000001
2024120805,1822,43329,11,43.25995000000001,9.935550000000001
2024120805,1847,52518,1,43.25995000000001,9.935550000000001
2024120805,1847,52518,2,43.25995000000001,9.935550000000001
2024120805,1847,52518,3,43.25995000000001,9.935550000000001
2024120805,1847,52518,4,43.25995000000001,9.935550000000001
2024120805,1847,52518,5,43.25995000000001,9.935550000000001
2024120805,1847,52518,6,43.25995000000001,9.935550000000001
2024120805,1847,52518,7,43.25995000000001,9.935550000000001
2024120805,1847,52518,8,43.25995000000001,9.935550000000001
2024120805,1847,57213,1,43.25995000000001,9.935550000000001
2024120805,1847,57213,2,43.25995000000001,9.935550000000001
2024120805,1847,57213,3,43.25995000000001,9.935550000000001
2024120805,1847,57213,4,43.25995000000001,9.935550000000001
2024120805,1847,57213,5,43.25995000000001,9.935550000000001
2024120805,1847,57213,6,43.25995000000001,9.935550000000001
2024120805,1847,57213,7,43.25995000000001,9.935550000000001
2024120805,1847,57213,8,43.25995000000001,9.935550000000001
2024120805,1947,52518,1,43.25995000000001,9.935550000000001
2024120805,1947,52518,2,43.25995000000001,9.935550000000001
2024120805,1947,52518,3,43.25995000000001,9.935550000000001
2024120805,1947,52518,4,43.25995000000001,9.935550000000001
2024120805,1947,52518,5,43.25995000000001,9.935550000000001
2024120805,1947,52518,6,43.25995000000001,9.935550000000001
2024120805,1947,52518,7,43.25995000000001,9.935550000000001
2024120805,1947,52518,8,43.25995000000001,9.935550000000001
2024120805,1947,52518,9,43.25995000000001,9.935550000000001
2024120805,1947,52518,10,43.25995000000001,9.935550000000001
2024120805,1947,52518,11,43.25995000000001,9.935550000000001
2024120805,1947,55100,1,43.25995000000001,9.935550000000001
2024120805,1947,55100,2,43.25995000000001,9.935550000000001
2024120805,1947,55100,3,43.25995000000001,9.935550000000001
2024120805,1947,55100,4,43.25995000000001,9.935550000000001
2024120805,1947,55100,5,43.25995000000001,9.935550000000001
2024120805,1947,55100,6,43.25995000000001,9.935550000000001
2024120805,1947,55100,7,43.25995000000001,9.935550000000001
2024120805,1947,55100,8,43.25995000000001,9.935550000000001
2024120805,1947,55100,9,43.25995000000001,9.935550000000001
2024120805,1947,55100,10,43.25995000000001,9.935550000000001
2024120805,1947,55100,11,43.25995000000001,9.935550000000001
2024120805,1947,54586,1,43.25995000000001,9.935550000000001
2024120805,1947,54586,2,43.25995000000001,9.935550000000001
2024120805,1947,54586,3,43.25995000000001,9.935550000000001
2024120805,1947,54586,4,43.25995000000001,9.935550000000001
2024120805,1947,54586,5,43.25995000000001,9.935550000000001
2024120805,1947,54586,6,43.25995000000001,9.935550000000001
2024120805,1947,54586,7,43.25995000000001,9.935550000000001
2024120805,1947,54586,8,43.25995000000001,9.935550000000001
2024120805,1947,54586,9,43.25995000000001,9.935550000000001
2024120805,1947,54586,10,43.25995000000001,9.935550000000001
2024120805,1947,54586,11,43.25995000000001,9.935550000000001
2024120805,1947,57801,1,43.25995000000001,9.935550000000001
2024120805,1947,57801,2,43.25995000000001,9.935550000000001
2024120805,1947,57801,3,43.25995000000001,9.935550000000001
2024120805,1947,57801,4,43.25995000000001,9.935550000000001
2024120805,1947,57801,5,43.25995000000001,9.935550000000001
2024120805,1947,57801,6,43.25995000000001,9.935550000000001
2024120805,1947,57801,7,43.25995000000001,9.935550000000001
2024120805,1947,57801,8,43.25995000000001,9.935550000000001
2024120805,1947,57801,9,43.25995000000001,9.935550000000001
2024120805,1947,57801,10,43.25995000000001,9.935550000000001
2024120805,1947,57801,11,43.25995000000001,9.935550000000001
2024120805,1947,41233,1,43.25995000000001,9.935550000000001
2024120805,1947,41233,2,43.25995000000001,9.935550000000001
2024120805,1947,41233,3,43.25995000000001,9.935550000000001
2024120805,1947,41233,4,43.25995000000001,9.935550000000001
2024120805,1947,41233,5,43.25995000000001,9.935550000000001
2024120805,1947,41233,6,43.25995000000001,9.935550000000001
2024120805,1947,41233,7,43.25995000000001,9.935550000000001
2024120805,1947,41233,8,43.25995000000001,9.935550000000001
2024120805,1947,41233,9,43.25995000000001,9.935550000000001
2024120805,1947,41233,10,43.25995000000001,9.935550000000001
2024120805,1947,41233,11,43.25995000000001,9.935550000000001
2024120805,2274,47890,1,43.25995000000001,9.935550000000001
2024120805,2274,47890,2,43.25995000000001,9.935550000000001
2024120805,2274,47890,3,43.25995000000001,9.935550000000001
2024120805,2274,47890,4,43.25995000000001,9.935550000000001
2024120805,2274,47890,5,43.25995000000001,9.935550000000001
2024120805,2274,47890,6,43.25995000000001,9.935550000000001
2024120805,2274,47890,7,43.25995000000001,9.935550000000001
2024120805,2274,47890,8,43.25995000000001,9.935550000000001
2024120805,2274,47890,9,43.25995000000001,9.935550000000001
2024120805,2274,47890,10,43.25995000000001,9.935550000000001
2024120805,2274,54622,1,43.25995000000001,9.935550000000001
2024120805,2274,54622,2,43.25995000000001,9.935550000000001
2024120805,2274,54622,3,43.25995000000001,9.935550000000001
2024120805,2274,54622,4,43.25995000000001,9.935550000000001
2024120805,2274,54622,5,43.25995000000001,9.935550000000001
2024120805,2274,54622,6,43.25995000000001,9.935550000000001
2024120805,2274,54622,7,43.25995000000001,9.935550000000001
2024120805,2274,54622,8,43.25995000000001,9.935550000000001
2024120805,2274,54622,9,43.25995000000001,9.935550000000001
2024120805,2274,54622,10,43.25995000000001,9.935550000000001
2024120805,2274,55900,1,43.25995000000001,9.935550000000001
2024120805,2274,55900,2,43.25995000000001,9.935550000000001
2024120805,2274,55900,3,43.25995000000001,9.935550000000001
2024120805,2274,55900,4,43.25995000000001,9.935550000000001
2024120805,2274,55900,5,43.25995000000001,9.935550000000001
2024120805,2274,55900,6,43.25995000000001,9.935550000000001
2024120805,2274,55900,7,43.25995000000001,9.935550000000001
2024120805,2274,55900,8,43.25995000000001,9.935550000000001
2024120805,2274,55900,9,43.25995000000001,9.935550000000001
2024120805,2274,55900,10,43.25995000000001,9.935550000000001
2024120805,2343,56543,1,43.25995000000001,9.935550000000001
2024120805,2343,56543,2,43.25995000000001,9.935550000000001
2024120805,2343,56543,3,43.25995000000001,9.935550000000001
2024120805,2343,56543,4,43.25995000000001,9.935550000000001
2024120805,2343,56543,5,43.25995000000001,9.935550000000001
2024120805,2343,56543,6,43.25995000000001,9.935550000000001
2024120805,2343,56543,7,43.25995000000001,9.935550000000001
2024120805,2343,56543,8,43.25995000000001,9.935550000000001
2024120805,2343,56543,9,43.25995000000001,9.935550000000001
2024120805,2343,56543,10,43.25995000000001,9.935550000000001
2024120805,2343,38588,1,43.25995000000001,9.935550000000001
2024120805,2343,38588,2,43.25995000000001,9.935550000000001
2024120805,2343,38588,3,43.25995000000001,9.935550000000001
2024120805,2343,38588,4,43.25995000000001,9.935550000000001
2024120805,2343,38588,5,43.25995000000001,9.935550000000001
2024120805,2343,38588,6,43.25995000000001,9.935550000000001
2024120805,2343,38588,7,43.25995000000001,9.935550000000001
2024120805,2343,38588,8,43.25995000000001,9.935550000000001
2024120805,2343,38588,9,43.25995000000001,9.935550000000001
2024120805,2343,38588,10,43.25995000000001,9.935550000000001
2024120805,2343,48097,1,43.25995000000001,9.935550000000001
2024120805,2343,48097,2,43.25995000000001,9.935550000000001
2024120805,2343,48097,3,43.25995000000001,9.935550000000001
2024120805,2343,48097,4,43.25995000000001,9.935550000000001
2024120805,2343,48097,5,43.25995000000001,9.935550000000001
2024120805,2343,48097,6,43.25995000000001,9.935550000000001
2024120805,2343,48097,7,43.25995000000001,9.935550000000001
2024120805,2343,48097,8,43.25995000000001,9.935550000000001
2024120805,2343,48097,9,43.25995000000001,9.935550000000001
2024120805,2343,48097,10,43.25995000000001,9.935550000000001
2024120805,2524,38588,1,43.25995000000001,9.935550000000001
2024120805,2524,38588,2,43.25995000000001,9.935550000000001
2024120805,2524,38588,3,43.25995000000001,9.935550000000001
2024120805,2524,38588,4,43.25995000000001,9.935550000000001
2024120805,2524,38588,5,43.25995000000001,9.935550000000001
2024120805,2524,38588,6,43.25995000000001,9.935550000000001
2024120805,2524,38588,7,43.25995000000001,9.935550000000001
2024120805,2524,57210,1,43.25995000000001,9.935550000000001
2024120805,2524,57210,2,43.25995000000001,9.935550000000001
2024120805,2524,57210,3,43.25995000000001,9.935550000000001
2024120805,2524,57210,4,43.25995000000001,9.935550000000001
2024120805,2524,57210,5,43.25995000000001,9.935550000000001
2024120805,2524,57210,6,43.25995000000001,9.935550000000001
2024120805,2524,57210,7,43.25995000000001,9.935550000000001
2024120805,2524,55900,1,43.25995000000001,9.935550000000001
2024120805,2524,55900,2,43.25995000000001,9.935550000000001
2024120805,2524,55900,3,43.25995000000001,9.935550000000001
2024120805,2524,55900,4,43.25995000000001,9.935550000000001
2024120805,2524,55900,5,43.25995000000001,9.935550000000001
2024120805,2524,55900,6,43.25995000000001,9.935550000000001
2024120805,2524,55900,7,43.25995000000001,9.935550000000001
2024120805,2549,56543,1,43.25995000000001,9.935550000000001
2024120805,2549,56543,2,43.25995000000001,9.935550000000001
2024120805,2549,56543,3,43.25995000000001,9.935550000000001
2024120805,2549,56543,4,43.25995000000001,9.935550000000001
2024120805,2549,56543,5,43.25995000000001,9.935550000000001
2024120805,2549,56543,6,43.25995000000001,9.935550000000001
2024120805,2549,56543,7,43.25995000000001,9.935550000000001
2024120805,2549,56543,8,43.25995000000001,9.935550000000001
2024120805,2549,56543,9,43.25995000000001,9.935550000000001
2024120805,2549,56543,10,43.25995000000001,9.935550000000001
2024120805,2549,38588,1,43.25995000000001,9.935550000000001
2024120805,2549,38588,2,43.25995000000001,9.935550000000001
2024120805,2549,38588,3,43.25995000000001,9.935550000000001
2024120805,2549,38588,4,43.25995000000001,9.935550000000001
2024120805,2549,38588,5,43.25995000000001,9.935550000000001
2024120805,2549,38588,6,43.25995000000001,9.935550000000001
2024120805,2549,38588,7,43.25995000000001,9.935550000000001
2024120805,2549,38588,8,43.25995000000001,9.935550000000001
2024120805,2549,38588,9,43.25995000000001,9.935550000000001
2024120805,2549,38588,10,43.25995000000001,9.935550000000001
2024120805,2549,57210,1,43.25995000000001,9.935550000000001
2024120805,2549,57210,2,43.25995000000001,9.935550000000001
2024120805,2549,57210,3,43.25995000000001,9.935550000000001
2024120805,2549,57210,4,43.25995000000001,9.935550000000001
2024120805,2549,57210,5,43.25995000000001,9.935550000000001
2024120805,2549,57210,6,43.25995000000001,9.935550000000001
2024120805,2549,57210,7,43.25995000000001,9.935550000000001
2024120805,2549,57210,8,43.25995000000001,9.935550000000001
2024120805,2549,57210,9,43.25995000000001,9.935550000000001
2024120805,2549,57210,10,43.25995000000001,9.935550000000001
2024120805,2549,57134,1,43.25995000000001,9.935550000000001
2024120805,2549,57134,2,43.25995000000001,9.935550000000001
2024120805,2549,57134,3,43.25995000000001,9.935550000000001
2024120805,2549,57134,4,43.25995000000001,9.935550000000001
2024120805,2549,57134,5,43.25995000000001,9.935550000000001
2024120805,2549,57134,6,43.25995000000001,9.935550000000001
2024120805,2549,57134,7,43.25995000000001,9.935550000000001
2024120805,2549,57134,8,43.25995000000001,9.935550000000001
2024120805,2549,57134,9,43.25995000000001,9.935550000000001
2024120805,2549,57134,10,43.25995000000001,9.935550000000001
2024120805,2656,52428,1,43.25995000000001,9.935550000000001
2024120805,2656,52428,2,43.25995000000001,9.935550000000001
2024120805,2656,52428,3,43.25995000000001,9.935550000000001
2024120805,2656,52428,4,43.25995000000001,9.935550000000001
2024120805,2656,52428,5,43.25995000000001,9.935550000000001
2024120805,2656,52428,6,43.25995000000001,9.935550000000001
2024120805,2656,52428,7,43.25995000000001,9.935550000000001
2024120805,2656,46902,1,43.25995000000001,9.935550000000001
2024120805,2656,46902,2,43.25995000000001,9.935550000000001
2024120805,2656,46902,3,43.25995000000001,9.935550000000001
2024120805,2656,46902,4,43.25995000000001,9.935550000000001
2024120805,2656,46902,5,43.25995000000001,9.935550000000001
2024120805,2656,46902,6,43.25995000000001,9.935550000000001
2024120805,2656,46902,7,43.25995000000001,9.935550000000001
2024120805,2656,54571,1,43.25995000000001,9.935550000000001
2024120805,2656,54571,2,43.25995000000001,9.935550000000001
2024120805,2656,54571,3,43.25995000000001,9.935550000000001
2024120805,2656,54571,4,43.25995000000001,9.935550000000001
2024120805,2656,54571,5,43.25995000000001,9.935550000000001
2024120805,2656,54571,6,43.25995000000001,9.935550000000001
2024120805,2656,54571,7,43.25995000000001,9.935550000000001
2024120805,2802,56543,1,43.25995000000001,9.935550000000001
2024120805,2802,56543,2,43.25995000000001,9.935550000000001
2024120805,2802,56543,3,43.25995000000001,9.935550000000001
2024120805,2802,56543,4,43.25995000000001,9.935550000000001
2024120805,2802,56543,5,43.25995000000001,9.935550000000001
2024120805,2802,56543,6,43.25995000000001,9.935550000000001
2024120805,2802,56543,7,43.25995000000001,9.935550000000001
2024120805,2802,56543,8,43.25995000000001,9.935550000000001
2024120805,2802,56543,9,43.25995000000001,9.935550000000001
2024120805,2802,56543,10,43.25995000000001,9.935550000000001
2024120805,2802,56543,11,43.25995000000001,9.935550000000001
2024120805,2802,56543,12,43.25995000000001,9.935550000000001
2024120805,2802,56543,13,43.25995000000001,9.935550000000001
2024120805,2802,56543,14,43.25995000000001,9.935550000000001
2024120805,2802,56543,15,43.25995000000001,9.935550000000001
2024120805,2802,56543,16,43.25995000000001,9.935550000000001
2024120805,2802,54831,1,43.25995000000001,9.935550000000001
2024120805,2802,54831,2,43.25995000000001,9.935550000000001
2024120805,2802,54831,3,43.25995000000001,9.935550000000001
2024120805,2802,54831,4,43.25995000000001,9.935550000000001
2024120805,2802,54831,5,43.25995000000001,9.935550000000001
2024120805,2802,54831,6,43.25995000000001,9.935550000000001
2024120805,2802,54831,7,43.25995000000001,9.935550000000001
2024120805,2802,54831,8,43.25995000000001,9.935550000000001
2024120805,2802,54831,9,43.25995000000001,9.935550000000001
2024120805,2802,54831,10,43.25995000000001,9.935550000000001
2024120805,2802,54831,11,43.25995000000001,9.935550000000001
2024120805,2802,54831,12,43.25995000000001,9.935550000000001
2024120805,2802,54831,13,43.25995000000001,9.935550000000001
2024120805,2802,54831,14,43.25995000000001,9.935550000000001
2024120805,2802,54831,15,43.25995000000001,9.935550000000001
2024120805,2802,54831,16,43.25995000000001,9.935550000000001
2024120805,2802,54622,1,43.25995000000001,9.935550000000001
2024120805,2802,54622,2,43.25995000000001,9.935550000000001
2024120805,2802,54622,3,43.25995000000001,9.935550000000001
2024120805,2802,54622,4,43.25995000000001,9.935550000000001
2024120805,2802,54622,5,43.25995000000001,9.935550000000001
2024120805,2802,54622,6,43.25995000000001,9.935550000000001
2024120805,2802,54622,7,43.25995000000001,9.935550000000001
2024120805,2802,54622,8,43.25995000000001,9.935550000000001
2024120805,2802,54622,9,43.25995000000001,9.935550000000001
2024120805,2802,54622,10,43.25995000000001,9.935550000000001
2024120805,2802,54622,11,43.25995000000001,9.935550000000001
2024120805,2802,54622,12,43.25995000000001,9.935550000000001
2024120805,2802,54622,13,43.25995000000001,9.935550000000001
2024120805,2802,54622,14,43.25995000000001,9.935550000000001
2024120805,2802,54622,15,43.25995000000001,9.935550000000001
2024120805,2802,54622,16,43.25995000000001,9.935550000000001
2024120805,2802,55965,1,43.25995000000001,9.935550000000001
2024120805,2802,55965,2,43.25995000000001,9.935550000000001
2024120805,2802,55965,3,43.25995000000001,9.935550000000001
2024120805,2802,55965,4,43.25995000000001,9.935550000000001
2024120805,2802,55965,5,43.25995000000001,9.935550000000001
2024120805,2802,55965,6,43.25995000000001,9.935550000000001
2024120805,2802,55965,7,43.25995000000001,9.935550000000001
2024120805,2802,55965,8,43.25995000000001,9.935550000000001
2024120805,2802,55965,9,43.25995000000001,9.935550000000001
2024120805,2802,55965,10,43.25995000000001,9.935550000000001
2024120805,2802,55965,11,43.25995000000001,9.935550000000001
2024120805,2802,55965,12,43.25995000000001,9.935550000000001
2024120805,2802,55965,13,43.25995000000001,9.935550000000001
2024120805,2802,55965,14,43.25995000000001,9.935550000000001
2024120805,2802,55965,15,43.25995000000001,9.935550000000001
2024120805,2802,55965,16,43.25995000000001,9.935550000000001
2024120805,2870,47890,1,43.25995000000001,9.935550000000001
2024120805,2870,47890,2,43.25995000000001,9.935550000000001
2024120805,2870,47890,3,43.25995000000001,9.935550000000001
2024120805,2870,47890,4,43.25995000000001,9.935550000000001
2024120805,2870,47890,5,43.25995000000001,9.935550000000001
2024120805,2870,47890,6,43.25995000000001,9.935550000000001
2024120805,2870,47890,7,43.25995000000001,9.935550000000001
2024120805,2870,47890,8,43.25995000000001,9.935550000000001
2024120805,2870,47890,9,43.25995000000001,9.935550000000001
2024120805,2870,47890,10,43.25995000000001,9.935550000000001
2024120805,2870,47890,11,43.25995000000001,9.935550000000001
2024120805,2870,47890,12,43.25995000000001,9.935550000000001
2024120805,2870,57210,1,43.25995000000001,9.935550000000001
2024120805,2870,57210,2,43.25995000000001,9.935550000000001
2024120805,2870,57210,3,43.25995000000001,9.935550000000001
2024120805,2870,57210,4,43.25995000000001,9.935550000000001
2024120805,2870,57210,5,43.25995000000001,9.935550000000001
2024120805,2870,57210,6,43.25995000000001,9.935550000000001
2024120805,2870,57210,7,43.25995000000001,9.935550000000001
2024120805,2870,57210,8,43.25995000000001,9.935550000000001
2024120805,2870,57210,9,43.25995000000001,9.935550000000001
2024120805,2870,57210,10,43.25995000000001,9.935550000000001
2024120805,2870,57210,11,43.25995000000001,9.935550000000001
2024120805,2870,57210,12,43.25995000000001,9.935550000000001
2024120805,2870,48097,1,43.25995000000001,9.935550000000001
2024120805,2870,48097,2,43.25995000000001,9.935550000000001
2024120805,2870,48097,3,43.25995000000001,9.935550000000001
2024120805,2870,48097,4,43.25995000000001,9.935550000000001
2024120805,2870,48097,5,43.25995000000001,9.935550000000001
2024120805,2870,48097,6,43.25995000000001,9.935550000000001
2024120805,2870,48097,7,43.25995000000001,9.935550000000001
2024120805,2870,48097,8,43.25995000000001,9.935550000000001
2024120805,2870,48097,9,43.25995000000001,9.935550000000001
2024120805,2870,48097,10,43.25995000000001,9.935550000000001
2024120805,2870,48097,11,43.25995000000001,9.935550000000001
2024120805,2870,48097,12,43.25995000000001,9.935550000000001
2024120805,2968,57233,1,43.25995000000001,9.935550000000001
2024120805,2968,57233,2,43.25995000000001,9.935550000000001
2024120805,2968,57233,3,43.25995000000001,9.935550000000001
2024120805,2968,57233,4,43.25995000000001,9.935550000000001
2024120805,2968,57233,5,43.25995000000001,9.935550000000001
2024120805,2968,57233,6,43.25995000000001,9.935550000000001
2024120805,2968,57233,7,43.25995000000001,9.935550000000001
2024120805,2968,57233,8,43.25995000000001,9.935550000000001
2024120805,2968,57233,9,43.25995000000001,9.935550000000001
2024120805,2968,43329,1,43.25995000000001,9.935550000000001
2024120805,2968,43329,2,43.25995000000001,9.935550000000001
2024120805,2968,43329,3,43.25995000000001,9.935550000000001
2024120805,2968,43329,4,43.25995000000001,9.935550000000001
2024120805,2968,43329,5,43.25995000000001,9.935550000000001
2024120805,2968,43329,6,43.25995000000001,9.935550000000001
2024120805,2968,43329,7,43.25995000000001,9.935550000000001
2024120805,2968,43329,8,43.25995000000001,9.935550000000001
2024120805,2968,43329,9,43.25995000000001,9.935550000000001
2024120805,3013,57233,1,43.25995000000001,9.935550000000001
2024120805,3013,57233,2,43.25995000000001,9.935550000000001
2024120805,3013,57233,3,43.25995000000001,9.935550000000001
2024120805,3013,57233,4,43.25995000000001,9.935550000000001
2024120805,3013,57233,5,43.25995000000001,9.935550000000001
2024120805,3013,57233,6,43.25995000000001,9.935550000000001
2024120805,3013,57233,7,43.25995000000001,9.935550000000001
2024120805,3013,57233,8,43.25995000000001,9.935550000000001
2024120805,3013,57233,9,43.25995000000001,9.935550000000001
2024120805,3013,57233,10,43.25995000000001,9.935550000000001
2024120805,3013,57233,11,43.25995000000001,9.935550000000001
2024120805,3013,57233,12,43.25995000000001,9.935550000000001
2024120805,3013,57233,13,43.25995000000001,9.935550000000001
2024120805,3013,53472,1,43.25995000000001,9.935550000000001
2024120805,3013,53472,2,43.25995000000001,9.935550000000001
2024120805,3013,53472,3,43.25995000000001,9.935550000000001
2024120805,3013,53472,4,43.25995000000001,9.935550000000001
2024120805,3013,53472,5,43.25995000000001,9.935550000000001
2024120805,3013,53472,6,43.25995000000001,9.935550000000001
2024120805,3013,53472,7,43.25995000000001,9.935550000000001
2024120805,3013,53472,8,43.25995000000001,9.935550000000001
2024120805,3013,53472,9,43.25995000000001,9.935550000000001
2024120805,3013,53472,10,43.25995000000001,9.935550000000001
2024120805,3013,53472,11,43.25995000000001,9.935550000000001
2024120805,3013,53472,12,43.25995000000001,9.935550000000001
2024120805,3013,53472,13,43.25995000000001,9.935550000000001
2024120805,3013,41233,1,43.25995000000001,9.935550000000001
2024120805,3013,41233,2,43.25995000000001,9.935550000000001
2024120805,3013,41233,3,43.25995000000001,9.935550000000001
2024120805,3013,41233,4,43.25995000000001,9.935550000000001
2024120805,3013,41233,5,43.25995000000001,9.935550000000001
2024120805,3013,41233,6,43.25995000000001,9.935550000000001
2024120805,3013,41233,7,43.25995000000001,9.935550000000001
2024120805,3013,41233,8,43.25995000000001,9.935550000000001
2024120805,3013,41233,9,43.25995000000001,9.935550000000001
2024120805,3013,41233,10,43.25995000000001,9.935550000000001
2024120805,3013,41233,11,43.25995000000001,9.935550000000001
2024120805,3013,41233,12,43.25995000000001,9.935550000000001
2024120805,3013,41233,13,43.25995000000001,9.935550000000001
2024120805,3068,57233,1,43.25995000000001,9.935550000000001
2024120805,3068,57233,2,43.25995000000001,9.935550000000001
2024120805,3068,57233,3,43.25995000000001,9.935550000000001
2024120805,3068,57233,4,43.25995000000001,9.935550000000001
2024120805,3068,57233,5,43.25995000000001,9.935550000000001
2024120805,3068,57233,6,43.25995000000001,9.935550000000001
2024120805,3068,57233,7,43.25995000000001,9.935550000000001
2024120805,3068,57233,8,43.25995000000001,9.935550000000001
2024120805,3068,57233,9,43.25995000000001,9.935550000000001
2024120805,3068,57233,10,43.25995000000001,9.935550000000001
2024120805,3068,57233,11,43.25995000000001,9.935550000000001
2024120805,3068,53509,1,43.25995000000001,9.935550000000001
2024120805,3068,53509,2,43.25995000000001,9.935550000000001
2024120805,3068,53509,3,43.25995000000001,9.935550000000001
2024120805,3068,53509,4,43.25995000000001,9.935550000000001
2024120805,3068,53509,5,43.25995000000001,9.935550000000001
2024120805,3068,53509,6,43.25995000000001,9.935550000000001
2024120805,3068,53509,7,43.25995000000001,9.935550000000001
2024120805,3068,53509,8,43.25995000000001,9.935550000000001
2024120805,3068,53509,9,43.25995000000001,9.935550000000001
2024120805,3068,53509,10,43.25995000000001,9.935550000000001
2024120805,3068,53509,11,43.25995000000001,9.935550000000001
2024120805,3068,46902,1,43.25995000000001,9.935550000000001
2024120805,3068,46902,2,43.25995000000001,9.935550000000001
2024120805,3068,46902,3,43.25995000000001,9.935550000000001
2024120805,3068,46902,4,43.25995000000001,9.935550000000001
2024120805,3068,46902,5,43.25995000000001,9.935550000000001
2024120805,3068,46902,6,43.25995000000001,9.935550000000001
2024120805,3068,46902,7,43.25995000000001,9.935550000000001
2024120805,3068,46902,8,43.25995000000001,9.935550000000001
2024120805,3068,46902,9,43.25995000000001,9.935550000000001
2024120805,3068,46902,10,43.25995000000001,9.935550000000001
2024120805,3068,46902,11,43.25995000000001,9.935550000000001
2024120805,3068,53472,1,43.25995000000001,9.935550000000001
2024120805,3068,53472,2,43.25995000000001,9.935550000000001
2024120805,3068,53472,3,43.25995000000001,9.935550000000001
2024120805,3068,53472,4,43.25995000000001,9.935550000000001
2024120805,3068,53472,5,43.25995000000001,9.935550000000001
2024120805,3068,53472,6,43.25995000000001,9.935550000000001
2024120805,3068,53472,7,43.25995000000001,9.935550000000001
2024120805,3068,53472,8,43.25995000000001,9.935550000000001
2024120805,3068,53472,9,43.25995000000001,9.935550000000001
2024120805,3068,53472,10,43.25995000000001,9.935550000000001
2024120805,3068,53472,11,43.25995000000001,9.935550000000001
2024120805,3068,43329,1,43.25995000000001,9.935550000000001
2024120805,3068,43329,2,43.25995000000001,9.935550000000001
2024120805,3068,43329,3,43.25995000000001,9.935550000000001
2024120805,3068,43329,4,43.25995000000001,9.935550000000001
2024120805,3068,43329,5,43.25995000000001,9.935550000000001
2024120805,3068,43329,6,43.25995000000001,9.935550000000001
2024120805,3068,43329,7,43.25995000000001,9.935550000000001
2024120805,3068,43329,8,43.25995000000001,9.935550000000001
2024120805,3068,43329,9,43.25995000000001,9.935550000000001
2024120805,3068,43329,10,43.25995000000001,9.935550000000001
2024120805,3068,43329,11,43.25995000000001,9.935550000000001
2024120805,3169,57210,1,43.25995000000001,9.935550000000001
2024120805,3169,57210,2,43.25995000000001,9.935550000000001
2024120805,3169,57210,3,43.25995000000001,9.935550000000001
2024120805,3169,57210,4,43.25995000000001,9.935550000000001
2024120805,3169,57210,5,43.25995000000001,9.935550000000001
2024120805,3169,57210,6,43.25995000000001,9.935550000000001
2024120805,3169,57210,7,43.25995000000001,9.935550000000001
2024120805,3169,57210,8,43.25995000000001,9.935550000000001
2024120805,3169,57210,9,43.25995000000001,9.935550000000001
2024120805,3169,54622,1,43.25995000000001,9.935550000000001
2024120805,3169,54622,2,43.25995000000001,9.935550000000001
2024120805,3169,54622,3,43.25995000000001,9.935550000000001
2024120805,3169,54622,4,43.25995000000001,9.935550000000001
2024120805,3169,54622,5,43.25995000000001,9.935550000000001
2024120805,3169,54622,6,43.25995000000001,9.935550000000001
2024120805,3169,54622,7,43.25995000000001,9.935550000000001
2024120805,3169,54622,8,43.25995000000001,9.935550000000001
2024120805,3169,54622,9,43.25995000000001,9.935550000000001
2024120805,3169,48097,1,43.25995000000001,9.935550000000001
2024120805,3169,48097,2,43.25995000000001,9.935550000000001
2024120805,3169,48097,3,43.25995000000001,9.935550000000001
2024120805,3169,48097,4,43.25995000000001,9.935550000000001
2024120805,3169,48097,5,43.25995000000001,9.935550000000001
2024120805,3169,48097,6,43.25995000000001,9.935550000000001
2024120805,3169,48097,7,43.25995000000001,9.935550000000001
2024120805,3169,48097,8,43.25995000000001,9.935550000000001
2024120805,3169,48097,9,43.25995000000001,9.935550000000001
2024120805,3249,57233,1,43.25995000000001,9.935550000000001
2024120805,3249,57233,2,43.25995000000001,9.935550000000001
2024120805,3249,57233,3,43.25995000000001,9.935550000000001
2024120805,3249,57233,4,43.25995000000001,9.935550000000001
2024120805,3249,57233,5,43.25995000000001,9.935550000000001
2024120805,3249,57233,6,43.25995000000001,9.935550000000001
2024120805,3249,57233,7,43.25995000000001,9.935550000000001
2024120805,3249,57233,8,43.25995000000001,9.935550000000001
2024120805,3249,57233,9,43.25995000000001,9.935550000000001
2024120805,3249,57233,10,43.25995000000001,9.935550000000001
2024120805,3249,57233,11,43.25995000000001,9.935550000000001
2024120805,3249,55100,1,43.25995000000001,9.935550000000001
2024120805,3249,55100,2,43.25995000000001,9.935550000000001
2024120805,3249,55100,3,43.25995000000001,9.935550000000001
2024120805,3249,55100,4,43.25995000000001,9.935550000000001
2024120805,3249,55100,5,43.25995000000001,9.935550000000001
2024120805,3249,55100,6,43.25995000000001,9.935550000000001
2024120805,3249,55100,7,43.25995000000001,9.935550000000001
2024120805,3249,55100,8,43.25995000000001,9.935550000000001
2024120805,3249,55100,9,43.25995000000001,9.935550000000001
2024120805,3249,55100,10,43.25995000000001,9.935550000000001
2024120805,3249,55100,11,43.25995000000001,9.935550000000001
2024120805,3249,46902,1,43.25995000000001,9.935550000000001
2024120805,3249,46902,2,43.25995000000001,9.935550000000001
2024120805,3249,46902,3,43.25995000000001,9.935550000000001
2024120805,3249,46902,4,43.25995000000001,9.935550000000001
2024120805,3249,46902,5,43.25995000000001,9.935550000000001
2024120805,3249,46902,6,43.25995000000001,9.935550000000001
2024120805,3249,46902,7,43.25995000000001,9.935550000000001
2024120805,3249,46902,8,43.25995000000001,9.935550000000001
2024120805,3249,46902,9,43.25995000000001,9.935550000000001
2024120805,3249,46902,10,43.25995000000001,9.935550000000001
2024120805,3249,46902,11,43.25995000000001,9.935550000000001
2024120805,3249,53472,1,43.25995000000001,9.935550000000001
2024120805,3249,53472,2,43.25995000000001,9.935550000000001
2024120805,3249,53472,3,43.25995000000001,9.935550000000001
2024120805,3249,53472,4,43.25995000000001,9.935550000000001
2024120805,3249,53472,5,43.25995000000001,9.935550000000001
2024120805,3249,53472,6,43.25995000000001,9.935550000000001
2024120805,3249,53472,7,43.25995000000001,9.935550000000001
2024120805,3249,53472,8,43.25995000000001,9.935550000000001
2024120805,3249,53472,9,43.25995000000001,9.935550000000001
2024120805,3249,53472,10,43.25995000000001,9.935550000000001
2024120805,3249,53472,11,43.25995000000001,9.935550000000001
2024120805,3249,57213,1,43.25995000000001,9.935550000000001
2024120805,3249,57213,2,43.25995000000001,9.935550000000001
2024120805,3249,57213,3,43.25995000000001,9.935550000000001
2024120805,3249,57213,4,43.25995000000001,9.935550000000001
2024120805,3249,57213,5,43.25995000000001,9.935550000000001
2024120805,3249,57213,6,43.25995000000001,9.935550000000001
2024120805,3249,57213,7,43.25995000000001,9.935550000000001
2024120805,3249,57213,8,43.25995000000001,9.935550000000001
2024120805,3249,57213,9,43.25995000000001,9.935550000000001
2024120805,3249,57213,10,43.25995000000001,9.935550000000001
2024120805,3249,57213,11,43.25995000000001,9.935550000000001
2024120805,3272,52518,1,43.25995000000001,9.935550000000001
2024120805,3272,52518,2,43.25995000000001,9.935550000000001
2024120805,3272,52518,3,43.25995000000001,9.935550000000001
2024120805,3272,52518,4,43.25995000000001,9.935550000000001
2024120805,3272,52518,5,43.25995000000001,9.935550000000001
2024120805,3272,52518,6,43.25995000000001,9.935550000000001
2024120805,3272,52518,7,43.25995000000001,9.935550000000001
2024120805,3272,52518,8,43.25995000000001,9.935550000000001
2024120805,3272,52518,9,43.25995000000001,9.935550000000001
2024120805,3272,52518,10,43.25995000000001,9.935550000000001
2024120805,3272,52518,11,43.25995000000001,9.935550000000001
2024120805,3272,57233,1,43.25995000000001,9.935550000000001
2024120805,3272,57233,2,43.25995000000001,9.935550000000001
2024120805,3272,57233,3,43.25995000000001,9.935550000000001
2024120805,3272,57233,4,43.25995000000001,9.935550000000001
2024120805,3272,57233,5,43.25995000000001,9.935550000000001
2024120805,3272,57233,6,43.25995000000001,9.935550000000001
2024120805,3272,57233,7,43.25995000000001,9.935550000000001
2024120805,3272,57233,8,43.25995000000001,9.935550000000001
2024120805,3272,57233,9,43.25995000000001,9.935550000000001
2024120805,3272,57233,10,43.25995000000001,9.935550000000001
2024120805,3272,57233,11,43.25995000000001,9.935550000000001
2024120805,3272,46902,1,43.25995000000001,9.935550000000001
2024120805,3272,46902,2,43.25995000000001,9.935550000000001
2024120805,3272,46902,3,43.25995000000001,9.935550000000001
2024120805,3272,46902,4,43.25995000000001,9.935550000000001
2024120805,3272,46902,5,43.25995000000001,9.935550000000001
2024120805,3272,46902,6,43.25995000000001,9.935550000000001
2024120805,3272,46902,7,43.25995000000001,9.935550000000001
2024120805,3272,46902,8,43.25995000000001,9.935550000000001
2024120805,3272,46902,9,43.25995000000001,9.935550000000001
2024120805,3272,46902,10,43.25995000000001,9.935550000000001
2024120805,3272,46902,11,43.25995000000001,9.935550000000001
2024120805,3272,41233,1,43.25995000000001,9.935550000000001
2024120805,3272,41233,2,43.25995000000001,9.935550000000001
2024120805,3272,41233,3,43.25995000000001,9.935550000000001
2024120805,3272,41233,4,43.25995000000001,9.935550000000001
2024120805,3272,41233,5,43.25995000000001,9.935550000000001
2024120805,3272,41233,6,43.25995000000001,9.935550000000001
2024120805,3272,41233,7,43.25995000000001,9.935550000000001
2024120805,3272,41233,8,43.25995000000001,9.935550000000001
2024120805,3272,41233,9,43.25995000000001,9.935550000000001
2024120805,3272,41233,10,43.25995000000001,9.935550000000001
2024120805,3272,41233,11,43.25995000000001,9.935550000000001
2024120805,3419,57210,1,43.25995000000001,9.935550000000001
2024120805,3419,57210,2,43.25995000000001,9.935550000000001
2024120805,3419,57210,3,43.25995000000001,9.935550000000001
2024120805,3419,57210,4,43.25995000000001,9.935550000000001
2024120805,3419,57210,5,43.25995000000001,9.935550000000001
2024120805,3419,57210,6,43.25995000000001,9.935550000000001
2024120805,3419,57210,7,43.25995000000001,9.935550000000001
2024120805,3419,57210,8,43.25995000000001,9.935550000000001
2024120805,3419,55947,1,43.25995000000001,9.935550000000001
2024120805,3419,55947,2,43.25995000000001,9.935550000000001
2024120805,3419,55947,3,43.25995000000001,9.935550000000001
2024120805,3419,55947,4,43.25995000000001,9.935550000000001
2024120805,3419,55947,5,43.25995000000001,9.935550000000001
2024120805,3419,55947,6,43.25995000000001,9.935550000000001
2024120805,3419,55947,7,43.25995000000001,9.935550000000001
2024120805,3419,55947,8,43.25995000000001,9.935550000000001
2024120805,3419,53488,1,43.25995000000001,9.935550000000001
2024120805,3419,53488,2,43.25995000000001,9.935550000000001
2024120805,3419,53488,3,43.25995000000001,9.935550000000001
2024120805,3419,53488,4,43.25995000000001,9.935550000000001
2024120805,3419,53488,5,43.25995000000001,9.935550000000001
2024120805,3419,53488,6,43.25995000000001,9.935550000000001
2024120805,3419,53488,7,43.25995000000001,9.935550000000001
2024120805,3419,53488,8,43.25995000000001,9.935550000000001
2024120805,3444,47890,1,43.25995000000001,9.935550000000001
2024120805,3444,47890,2,43.25995000000001,9.935550000000001
2024120805,3444,47890,3,43.25995000000001,9.935550000000001
2024120805,3444,47890,4,43.25995000000001,9.935550000000001
2024120805,3444,47890,5,43.25995000000001,9.935550000000001
2024120805,3444,47890,6,43.25995000000001,9.935550000000001
2024120805,3444,47890,7,43.25995000000001,9.935550000000001
2024120805,3444,47890,8,43.25995000000001,9.935550000000001
2024120805,3444,47890,9,43.25995000000001,9.935550000000001
2024120805,3444,47890,10,43.25995000000001,9.935550000000001
2024120805,3444,47890,11,43.25995000000001,9.935550000000001
2024120805,3444,47890,12,43.25995000000001,9.935550000000001
2024120805,3444,47890,13,43.25995000000001,9.935550000000001
2024120805,3444,47890,14,43.25995000000001,9.935550000000001
2024120805,3444,47890,15,43.25995000000001,9.935550000000001
2024120805,3444,47890,16,43.25995000000001,9.935550000000001
2024120805,3444,47890,17,43.25995000000001,9.935550000000001
2024120805,3444,47890,18,43.25995000000001,9.935550000000001
2024120805,3444,47890,19,43.25995000000001,9.935550000000001
2024120805,3444,47890,20,43.25995000000001,9.935550000000001
2024120805,3444,56540,1,43.25995000000001,9.935550000000001
2024120805,3444,56540,2,43.25995000000001,9.935550000000001
2024120805,3444,56540,3,43.25995000000001,9.935550000000001
2024120805,3444,56540,4,43.25995000000001,9.935550000000001
2024120805,3444,56540,5,43.25995000000001,9.935550000000001
2024120805,3444,56540,6,43.25995000000001,9.935550000000001
2024120805,3444,56540,7,43.25995000000001,9.935550000000001
2024120805,3444,56540,8,43.25995000000001,9.935550000000001
2024120805,3444,56540,9,43.25995000000001,9.935550000000001
2024120805,3444,56540,10,43.25995000000001,9.935550000000001
2024120805,3444,56540,11,43.25995000000001,9.935550000000001
2024120805,3444,56540,12,43.25995000000001,9.935550000000001
2024120805,3444,56540,13,43.25995000000001,9.935550000000001
2024120805,3444,56540,14,43.25995000000001,9.935550000000001
2024120805,3444,56540,15,43.25995000000001,9.935550000000001
2024120805,3444,56540,16,43.25995000000001,9.935550000000001
2024120805,3444,56540,17,43.25995000000001,9.935550000000001
2024120805,3444,56540,18,43.25995000000001,9.935550000000001
2024120805,3444,56540,19,43.25995000000001,9.935550000000001
2024120805,3444,56540,20,43.25995000000001,9.935550000000001
2024120805,3444,57210,1,43.25995000000001,9.935550000000001
2024120805,3444,57210,2,43.25995000000001,9.935550000000001
2024120805,3444,57210,3,43.25995000000001,9.935550000000001
2024120805,3444,57210,4,43.25995000000001,9.935550000000001
2024120805,3444,57210,5,43.25995000000001,9.935550000000001
2024120805,3444,57210,6,43.25995000000001,9.935550000000001
2024120805,3444,57210,7,43.25995000000001,9.935550000000001
2024120805,3444,57210,8,43.25995000000001,9.935550000000001
2024120805,3444,57210,9,43.25995000000001,9.935550000000001
2024120805,3444,57210,10,43.25995000000001,9.935550000000001
2024120805,3444,57210,11,43.25995000000001,9.935550000000001
2024120805,3444,57210,12,43.25995000000001,9.935550000000001
2024120805,3444,57210,13,43.25995000000001,9.935550000000001
2024120805,3444,57210,14,43.25995000000001,9.935550000000001
2024120805,3444,57210,15,43.25995000000001,9.935550000000001
2024120805,3444,57210,16,43.25995000000001,9.935550000000001
2024120805,3444,57210,17,43.25995000000001,9.935550000000001
2024120805,3444,57210,18,43.25995000000001,9.935550000000001
2024120805,3444,57210,19,43.25995000000001,9.935550000000001
2024120805,3444,57210,20,43.25995000000001,9.935550000000001
2024120805,3444,54831,1,43.25995000000001,9.935550000000001
2024120805,3444,54831,2,43.25995000000001,9.935550000000001
2024120805,3444,54831,3,43.25995000000001,9.935550000000001
2024120805,3444,54831,4,43.25995000000001,9.935550000000001
2024120805,3444,54831,5,43.25995000000001,9.935550000000001
2024120805,3444,54831,6,43.25995000000001,9.935550000000001
2024120805,3444,54831,7,43.25995000000001,9.935550000000001
2024120805,3444,54831,8,43.25995000000001,9.935550000000001
2024120805,3444,54831,9,43.25995000000001,9.935550000000001
2024120805,3444,54831,10,43.25995000000001,9.935550000000001
2024120805,3444,54831,11,43.25995000000001,9.935550000000001
2024120805,3444,54831,12,43.25995000000001,9.935550000000001
2024120805,3444,54831,13,43.25995000000001,9.935550000000001
2024120805,3444,54831,14,43.25995000000001,9.935550000000001
2024120805,3444,54831,15,43.25995000000001,9.935550000000001
2024120805,3444,54831,16,43.25995000000001,9.935550000000001
2024120805,3444,54831,17,43.25995000000001,9.935550000000001
2024120805,3444,54831,18,43.25995000000001,9.935550000000001
2024120805,3444,54831,19,43.25995000000001,9.935550000000001
2024120805,3444,54831,20,43.25995000000001,9.935550000000001
2024120805,3444,54622,1,43.25995000000001,9.935550000000001
2024120805,3444,54622,2,43.25995000000001,9.935550000000001
2024120805,3444,54622,3,43.25995000000001,9.935550000000001
2024120805,3444,54622,4,43.25995000000001,9.935550000000001
2024120805,3444,54622,5,43.25995000000001,9.935550000000001
2024120805,3444,54622,6,43.25995000000001,9.935550000000001
2024120805,3444,54622,7,43.25995000000001,9.935550000000001
2024120805,3444,54622,8,43.25995000000001,9.935550000000001
2024120805,3444,54622,9,43.25995000000001,9.935550000000001
2024120805,3444,54622,10,43.25995000000001,9.935550000000001
2024120805,3444,54622,11,43.25995000000001,9.935550000000001
2024120805,3444,54622,12,43.25995000000001,9.935550000000001
2024120805,3444,54622,13,43.25995000000001,9.935550000000001
2024120805,3444,54622,14,43.25995000000001,9.935550000000001
2024120805,3444,54622,15,43.25995000000001,9.935550000000001
2024120805,3444,54622,16,43.25995000000001,9.935550000000001
2024120805,3444,54622,17,43.25995000000001,9.935550000000001
2024120805,3444,54622,18,43.25995000000001,9.935550000000001
2024120805,3444,54622,19,43.25995000000001,9.935550000000001
2024120805,3444,54622,20,43.25995000000001,9.935550000000001
2024120805,3444,48097,1,43.25995000000001,9.935550000000001
2024120805,3444,48097,2,43.25995000000001,9.935550000000001
2024120805,3444,48097,3,43.25995000000001,9.935550000000001
2024120805,3444,48097,4,43.25995000000001,9.935550000000001
2024120805,3444,48097,5,43.25995000000001,9.935550000000001
2024120805,3444,48097,6,43.25995000000001,9.935550000000001
2024120805,3444,48097,7,43.25995000000001,9.935550000000001
2024120805,3444,48097,8,43.25995000000001,9.935550000000001
2024120805,3444,48097,9,43.25995000000001,9.935550000000001
2024120805,3444,48097,10,43.25995000000001,9.935550000000001
2024120805,3444,48097,11,43.25995000000001,9.935550000000001
2024120805,3444,48097,12,43.25995000000001,9.935550000000001
2024120805,3444,48097,13,43.25995000000001,9.935550000000001
2024120805,3444,48097,14,43.25995000000001,9.935550000000001
2024120805,3444,48097,15,43.25995000000001,9.935550000000001
2024120805,3444,48097,16,43.25995000000001,9.935550000000001
2024120805,3444,48097,17,43.25995000000001,9.935550000000001
2024120805,3444,48097,18,43.25995000000001,9.935550000000001
2024120805,3444,48097,19,43.25995000000001,9.935550000000001
2024120805,3444,48097,20,43.25995000000001,9.935550000000001
2024120805,3523,47877,1,43.25995000000001,9.935550000000001
2024120805,3523,47877,2,43.25995000000001,9.935550000000001
2024120805,3523,47877,3,43.25995000000001,9.935550000000001
2024120805,3523,47877,4,43.25995000000001,9.935550000000001
2024120805,3523,47877,5,43.25995000000001,9.935550000000001
2024120805,3523,47877,6,43.25995000000001,9.935550000000001
2024120805,3523,47877,7,43.25995000000001,9.935550000000001
2024120805,3523,47877,8,43.25995000000001,9.935550000000001
2024120805,3523,47877,9,43.25995000000001,9.935550000000001
2024120805,3523,47877,10,43.25995000000001,9.935550000000001
2024120805,3523,56543,1,43.25995000000001,9.935550000000001
2024120805,3523,56543,2,43.25995000000001,9.935550000000001
2024120805,3523,56543,3,43.25995000000001,9.935550000000001
2024120805,3523,56543,4,43.25995000000001,9.935550000000001
2024120805,3523,56543,5,43.25995000000001,9.935550000000001
2024120805,3523,56543,6,43.25995000000001,9.935550000000001
2024120805,3523,56543,7,43.25995000000001,9.935550000000001
2024120805,3523,56543,8,43.25995000000001,9.935550000000001
2024120805,3523,56543,9,43.25995000000001,9.935550000000001
2024120805,3523,56543,10,43.25995000000001,9.935550000000001
2024120805,3523,54831,1,43.25995000000001,9.935550000000001
2024120805,3523,54831,2,43.25995000000001,9.935550000000001
2024120805,3523,54831,3,43.25995000000001,9.935550000000001
2024120805,3523,54831,4,43.25995000000001,9.935550000000001
2024120805,3523,54831,5,43.25995000000001,9.935550000000001
2024120805,3523,54831,6,43.25995000000001,9.935550000000001
2024120805,3523,54831,7,43.25995000000001,9.935550000000001
2024120805,3523,54831,8,43.25995000000001,9.935550000000001
2024120805,3523,54831,9,43.25995000000001,9.935550000000001
2024120805,3523,54831,10,43.25995000000001,9.935550000000001
2024120805,3523,57134,1,43.25995000000001,9.935550000000001
2024120805,3523,57134,2,43.25995000000001,9.935550000000001
2024120805,3523,57134,3,43.25995000000001,9.935550000000001
2024120805,3523,57134,4,43.25995000000001,9.935550000000001
2024120805,3523,57134,5,43.25995000000001,9.935550000000001
2024120805,3523,57134,6,43.25995000000001,9.935550000000001
2024120805,3523,57134,7,43.25995000000001,9.935550000000001
2024120805,3523,57134,8,43.25995000000001,9.935550000000001
2024120805,3523,57134,9,43.25995000000001,9.935550000000001
2024120805,3523,57134,10,43.25995000000001,9.935550000000001
2024120805,3553,47877,1,43.25995000000001,9.935550000000001
2024120805,3553,47877,2,43.25995000000001,9.935550000000001
2024120805,3553,47877,3,43.25995000000001,9.935550000000001
2024120805,3553,47877,4,43.25995000000001,9.935550000000001
2024120805,3553,47877,5,43.25995000000001,9.935550000000001
2024120805,3553,47877,6,43.25995000000001,9.935550000000001
2024120805,3553,47877,7,43.25995000000001,9.935550000000001
2024120805,3553,47877,8,43.25995000000001,9.935550000000001
2024120805,3553,38588,1,43.25995000000001,9.935550000000001
2024120805,3553,38588,2,43.25995000000001,9.935550000000001
2024120805,3553,38588,3,43.25995000000001,9.935550000000001
2024120805,3553,38588,4,43.25995000000001,9.935550000000001
2024120805,3553,38588,5,43.25995000000001,9.935550000000001
2024120805,3553,38588,6,43.25995000000001,9.935550000000001
2024120805,3553,38588,7,43.25995000000001,9.935550000000001
2024120805,3553,38588,8,43.25995000000001,9.935550000000001
2024120805,3553,55900,1,43.25995000000001,9.935550000000001
2024120805,3553,55900,2,43.25995000000001,9.935550000000001
2024120805,3553,55900,3,43.25995000000001,9.935550000000001
2024120805,3553,55900,4,43.25995000000001,9.935550000000001
2024120805,3553,55900,5,43.25995000000001,9.935550000000001
2024120805,3553,55900,6,43.25995000000001,9.935550000000001
2024120805,3553,55900,7,43.25995000000001,9.935550000000001
2024120805,3553,55900,8,43.25995000000001,9.935550000000001
2024120805,3578,56543,1,43.25995000000001,9.935550000000001
2024120805,3578,56543,2,43.25995000000001,9.935550000000001
2024120805,3578,56543,3,43.25995000000001,9.935550000000001
2024120805,3578,56543,4,43.25995000000001,9.935550000000001
2024120805,3578,56543,5,43.25995000000001,9.935550000000001
2024120805,3578,56543,6,43.25995000000001,9.935550000000001
2024120805,3578,56543,7,43.25995000000001,9.935550000000001
2024120805,3578,56543,8,43.25995000000001,9.935550000000001
2024120805,3578,54831,1,43.25995000000001,9.935550000000001
2024120805,3578,54831,2,43.25995000000001,9.935550000000001
2024120805,3578,54831,3,43.25995000000001,9.935550000000001
2024120805,3578,54831,4,43.25995000000001,9.935550000000001
2024120805,3578,54831,5,43.25995000000001,9.935550000000001
2024120805,3578,54831,6,43.25995000000001,9.935550000000001
2024120805,3578,54831,7,43.25995000000001,9.935550000000001
2024120805,3578,54831,8,43.25995000000001,9.935550000000001
2024120805,3578,55965,1,43.25995000000001,9.935550000000001
2024120805,3578,55965,2,43.25995000000001,9.935550000000001
2024120805,3578,55965,3,43.25995000000001,9.935550000000001
2024120805,3578,55965,4,43.25995000000001,9.935550000000001
2024120805,3578,55965,5,43.25995000000001,9.935550000000001
2024120805,3578,55965,6,43.25995000000001,9.935550000000001
2024120805,3578,55965,7,43.25995000000001,9.935550000000001
2024120805,3578,55965,8,43.25995000000001,9.935550000000001
2024120805,3632,47877,1,43.25995000000001,9.935550000000001
2024120805,3632,47877,2,43.25995000000001,9.935550000000001
2024120805,3632,47877,3,43.25995000000001,9.935550000000001
2024120805,3632,47877,4,43.25995000000001,9.935550000000001
2024120805,3632,47877,5,43.25995000000001,9.935550000000001
2024120805,3632,47877,6,43.25995000000001,9.935550000000001
2024120805,3632,47877,7,43.25995000000001,9.935550000000001
2024120805,3632,47877,8,43.25995000000001,9.935550000000001
2024120805,3632,47877,9,43.25995000000001,9.935550000000001
2024120805,3632,47877,10,43.25995000000001,9.935550000000001
2024120805,3632,47877,11,43.25995000000001,9.935550000000001
2024120805,3632,57210,1,43.25995000000001,9.935550000000001
2024120805,3632,57210,2,43.25995000000001,9.935550000000001
2024120805,3632,57210,3,43.25995000000001,9.935550000000001
2024120805,3632,57210,4,43.25995000000001,9.935550000000001
2024120805,3632,57210,5,43.25995000000001,9.935550000000001
2024120805,3632,57210,6,43.25995000000001,9.935550000000001
2024120805,3632,57210,7,43.25995000000001,9.935550000000001
2024120805,3632,57210,8,43.25995000000001,9.935550000000001
2024120805,3632,57210,9,43.25995000000001,9.935550000000001
2024120805,3632,57210,10,43.25995000000001,9.935550000000001
2024120805,3632,57210,11,43.25995000000001,9.935550000000001
2024120805,3632,48097,1,43.25995000000001,9.935550000000001
2024120805,3632,48097,2,43.25995000000001,9.935550000000001
2024120805,3632,48097,3,43.25995000000001,9.935550000000001
2024120805,3632,48097,4,43.25995000000001,9.935550000000001
2024120805,3632,48097,5,43.25995000000001,9.935550000000001
2024120805,3632,48097,6,43.25995000000001,9.935550000000001
2024120805,3632,48097,7,43.25995000000001,9.935550000000001
2024120805,3632,48097,8,43.25995000000001,9.935550000000001
2024120805,3632,48097,9,43.25995000000001,9.935550000000001
2024120805,3632,48097,10,43.25995000000001,9.935550000000001
2024120805,3632,48097,11,43.25995000000001,9.935550000000001
2024120805,3701,56540,1,43.25995000000001,9.935550000000001
2024120805,3701,56540,2,43.25995000000001,9.935550000000001
2024120805,3701,56540,3,43.25995000000001,9.935550000000001
2024120805,3701,56540,4,43.25995000000001,9.935550000000001
2024120805,3701,56540,5,43.25995000000001,9.935550000000001
2024120805,3701,56540,6,43.25995000000001,9.935550000000001
2024120805,3701,56540,7,43.25995000000001,9.935550000000001
2024120805,3701,42397,1,43.25995000000001,9.935550000000001
2024120805,3701,42397,2,43.25995000000001,9.935550000000001
2024120805,3701,42397,3,43.25995000000001,9.935550000000001
2024120805,3701,42397,4,43.25995000000001,9.935550000000001
2024120805,3701,42397,5,43.25995000000001,9.935550000000001
2024120805,3701,42397,6,43.25995000000001,9.935550000000001
2024120805,3701,42397,7,43.25995000000001,9.935550000000001
2024120805,3790,55100,1,43.25995000000001,9.935550000000001
2024120805,3790,55100,2,43.25995000000001,9.935550000000001
2024120805,3790,55100,3,43.25995000000001,9.935550000000001
2024120805,3790,55100,4,43.25995000000001,9.935550000000001
2024120805,3790,55100,5,43.25995000000001,9.935550000000001
2024120805,3790,55100,6,43.25995000000001,9.935550000000001
2024120805,3790,55100,7,43.25995000000001,9.935550000000001
2024120805,3790,55100,8,43.25995000000001,9.935550000000001
2024120805,3790,55100,9,43.25995000000001,9.935550000000001
2024120805,3790,55100,10,43.25995000000001,9.935550000000001
2024120805,3790,55100,11,43.25995000000001,9.935550000000001
2024120805,3790,54586,1,43.25995000000001,9.935550000000001
2024120805,3790,54586,2,43.25995000000001,9.935550000000001
2024120805,3790,54586,3,43.25995000000001,9.935550000000001
2024120805,3790,54586,4,43.25995000000001,9.935550000000001
2024120805,3790,54586,5,43.25995000000001,9.935550000000001
2024120805,3790,54586,6,43.25995000000001,9.935550000000001
2024120805,3790,54586,7,43.25995000000001,9.935550000000001
2024120805,3790,54586,8,43.25995000000001,9.935550000000001
2024120805,3790,54586,9,43.25995000000001,9.935550000000001
2024120805,3790,54586,10,43.25995000000001,9.935550000000001
2024120805,3790,54586,11,43.25995000000001,9.935550000000001
2024120805,3790,46902,1,43.25995000000001,9.935550000000001
2024120805,3790,46902,2,43.25995000000001,9.935550000000001
2024120805,3790,46902,3,43.25995000000001,9.935550000000001
2024120805,3790,46902,4,43.25995000000001,9.935550000000001
2024120805,3790,46902,5,43.25995000000001,9.935550000000001
2024120805,3790,46902,6,43.25995000000001,9.935550000000001
2024120805,3790,46902,7,43.25995000000001,9.935550000000001
2024120805,3790,46902,8,43.25995000000001,9.935550000000001
2024120805,3790,46902,9,43.25995000000001,9.935550000000001
2024120805,3790,46902,10,43.25995000000001,9.935550000000001
2024120805,3790,46902,11,43.25995000000001,9.935550000000001
2024120805,3790,54571,1,43.25995000000001,9.935550000000001
2024120805,3790,54571,2,43.25995000000001,9.935550000000001
2024120805,3790,54571,3,43.25995000000001,9.935550000000001
2024120805,3790,54571,4,43.25995000000001,9.935550000000001
2024120805,3790,54571,5,43.25995000000001,9.935550000000001
2024120805,3790,54571,6,43.25995000000001,9.935550000000001
2024120805,3790,54571,7,43.25995000000001,9.935550000000001
2024120805,3790,54571,8,43.25995000000001,9.935550000000001
2024120805,3790,54571,9,43.25995000000001,9.935550000000001
2024120805,3790,54571,10,43.25995000000001,9.935550000000001
2024120805,3790,54571,11,43.25995000000001,9.935550000000001
2024120805,3948,46672,1,43.25995000000001,9.935550000000001
2024120805,3948,46672,2,43.25995000000001,9.935550000000001
2024120805,3948,46672,3,43.25995000000001,9.935550000000001
2024120805,3948,46672,4,43.25995000000001,9.935550000000001
2024120805,3948,46672,5,43.25995000000001,9.935550000000001
2024120805,3948,46672,6,43.25995000000001,9.935550000000001
2024120805,3948,46672,7,43.25995000000001,9.935550000000001
2024120805,3948,46672,8,43.25995000000001,9.935550000000001
2024120805,3948,46672,9,43.25995000000001,9.935550000000001
2024120805,3948,55900,1,43.25995000000001,9.935550000000001
2024120805,3948,55900,2,43.25995000000001,9.935550000000001
2024120805,3948,55900,3,43.25995000000001,9.935550000000001
2024120805,3948,55900,4,43.25995000000001,9.935550000000001
2024120805,3948,55900,5,43.25995000000001,9.935550000000001
2024120805,3948,55900,6,43.25995000000001,9.935550000000001
2024120805,3948,55900,7,43.25995000000001,9.935550000000001
2024120805,3948,55900,8,43.25995000000001,9.935550000000001
2024120805,3948,55900,9,43.25995000000001,9.935550000000001
2024120805,3973,56543,1,43.25995000000001,9.935550000000001
2024120805,3973,56543,2,43.25995000000001,9.935550000000001
2024120805,3973,56543,3,43.25995000000001,9.935550000000001
2024120805,3973,56543,4,43.25995000000001,9.935550000000001
2024120805,3973,56543,5,43.25995000000001,9.935550000000001
2024120805,3973,56543,6,43.25995000000001,9.935550000000001
2024120805,3973,56543,7,43.25995000000001,9.935550000000001
2024120805,3973,56543,8,43.25995000000001,9.935550000000001
2024120805,3973,56543,9,43.25995000000001,9.935550000000001
2024120805,3973,48097,1,43.25995000000001,9.935550000000001
2024120805,3973,48097,2,43.25995000000001,9.935550000000001
2024120805,3973,48097,3,43.25995000000001,9.935550000000001
2024120805,3973,48097,4,43.25995000000001,9.935550000000001
2024120805,3973,48097,5,43.25995000000001,9.935550000000001
2024120805,3973,48097,6,43.25995000000001,9.935550000000001
2024120805,3973,48097,7,43.25995000000001,9.935550000000001
2024120805,3973,48097,8,43.25995000000001,9.935550000000001
2024120805,3973,48097,9,43.25995000000001,9.935550000000001
2024120805,3998,38588,1,43.25995000000001,9.935550000000001
2024120805,3998,38588,2,43.25995000000001,9.935550000000001
2024120805,3998,38588,3,43.25995000000001,9.935550000000001
2024120805,3998,38588,4,43.25995000000001,9.935550000000001
2024120805,3998,38588,5,43.25995000000001,9.935550000000001
2024120805,3998,38588,6,43.25995000000001,9.935550000000001
2024120805,3998,38588,7,43.25995000000001,9.935550000000001
2024120805,3998,38588,8,43.25995000000001,9.935550000000001
2024120805,3998,55900,1,43.25995000000001,9.935550000000001
2024120805,3998,55900,2,43.25995000000001,9.935550000000001
2024120805,3998,55900,3,43.25995000000001,9.935550000000001
2024120805,3998,55900,4,43.25995000000001,9.935550000000001
2024120805,3998,55900,5,43.25995000000001,9.935550000000001
2024120805,3998,55900,6,43.25995000000001,9.935550000000001
2024120805,3998,55900,7,43.25995000000001,9.935550000000001
2024120805,3998,55900,8,43.25995000000001,9.935550000000001
2024120805,4033,38588,1,43.25995000000001,9.935550000000001
2024120805,4033,38588,2,43.25995000000001,9.935550000000001
2024120805,4033,38588,3,43.25995000000001,9.935550000000001
2024120805,4033,38588,4,43.25995000000001,9.935550000000001
2024120805,4033,38588,5,43.25995000000001,9.935550000000001
2024120805,4033,38588,6,43.25995000000001,9.935550000000001
2024120805,4033,38588,7,43.25995000000001,9.935550000000001
2024120805,4033,55900,1,43.25995000000001,9.935550000000001
2024120805,4033,55900,2,43.25995000000001,9.935550000000001
2024120805,4033,55900,3,43.25995000000001,9.935550000000001
2024120805,4033,55900,4,43.25995000000001,9.935550000000001
2024120805,4033,55900,5,43.25995000000001,9.935550000000001
2024120805,4033,55900,6,43.25995000000001,9.935550000000001
2024120805,4033,55900,7,43.25995000000001,9.935550000000001
2024120805,4058,57210,1,43.25995000000001,9.935550000000001
2024120805,4058,57210,2,43.25995000000001,9.935550000000001
2024120805,4058,57210,3,43.25995000000001,9.935550000000001
2024120805,4058,57210,4,43.25995000000001,9.935550000000001
2024120805,4058,57210,5,43.25995000000001,9.935550000000001
2024120805,4058,57210,6,43.25995000000001,9.935550000000001
2024120805,4058,57210,7,43.25995000000001,9.935550000000001
2024120805,4058,57210,8,43.25995000000001,9.935550000000001
2024120805,4058,57134,1,43.25995000000001,9.935550000000001
2024120805,4058,57134,2,43.25995000000001,9.935550000000001
2024120805,4058,57134,3,43.25995000000001,9.935550000000001
2024120805,4058,57134,4,43.25995000000001,9.935550000000001
2024120805,4058,57134,5,43.25995000000001,9.935550000000001
2024120805,4058,57134,6,43.25995000000001,9.935550000000001
2024120805,4058,57134,7,43.25995000000001,9.935550000000001
2024120805,4058,57134,8,43.25995000000001,9.935550000000001
2024120805,4081,56543,1,43.25995000000001,9.935550000000001
2024120805,4081,56543,2,43.25995000000001,9.935550000000001
2024120805,4081,56543,3,43.25995000000001,9.935550000000001
2024120805,4081,56543,4,43.25995000000001,9.935550000000001
2024120805,4081,56543,5,43.25995000000001,9.935550000000001
2024120805,4081,56543,6,43.25995000000001,9.935550000000001
2024120805,4081,56543,7,43.25995000000001,9.935550000000001
2024120805,4081,55900,1,43.25995000000001,9.935550000000001
2024120805,4081,55900,2,43.25995000000001,9.935550000000001
2024120805,4081,55900,3,43.25995000000001,9.935550000000001
2024120805,4081,55900,4,43.25995000000001,9.935550000000001
2024120805,4081,55900,5,43.25995000000001,9.935550000000001
2024120805,4081,55900,6,43.25995000000001,9.935550000000001
2024120805,4081,55900,7,43.25995000000001,9.935550000000001
2024120805,4106,56543,1,43.25995000000001,9.935550000000001
2024120805,4106,56543,2,43.25995000000001,9.935550000000001
2024120805,4106,56543,3,43.25995000000001,9.935550000000001
2024120805,4106,56543,4,43.25995000000001,9.935550000000001
2024120805,4106,56543,5,43.25995000000001,9.935550000000001
2024120805,4106,56543,6,43.25995000000001,9.935550000000001
2024120805,4106,56543,7,43.25995000000001,9.935550000000001
2024120805,4106,42397,1,43.25995000000001,9.935550000000001
2024120805,4106,42397,2,43.25995000000001,9.935550000000001
2024120805,4106,42397,3,43.25995000000001,9.935550000000001
2024120805,4106,42397,4,43.25995000000001,9.935550000000001
2024120805,4106,42397,5,43.25995000000001,9.935550000000001
2024120805,4106,42397,6,43.25995000000001,9.935550000000001
2024120805,4106,42397,7,43.25995000000001,9.935550000000001
2024120805,4129,57134,1,43.25995000000001,9.935550000000001
2024120805,4129,57134,2,43.25995000000001,9.935550000000001
2024120805,4129,57134,3,43.25995000000001,9.935550000000001
2024120805,4129,57134,4,43.25995000000001,9.935550000000001
2024120805,4129,57134,5,43.25995000000001,9.935550000000001
2024120805,4129,57134,6,43.25995000000001,9.935550000000001
2024120805,4129,57134,7,43.25995000000001,9.935550000000001
2024120805,4154,57210,1,43.25995000000001,9.935550000000001
2024120805,4154,57210,2,43.25995000000001,9.935550000000001
2024120805,4154,57210,3,43.25995000000001,9.935550000000001
2024120805,4154,57210,4,43.25995000000001,9.935550000000001
2024120805,4154,57210,5,43.25995000000001,9.935550000000001
2024120805,4154,57210,6,43.25995000000001,9.935550000000001
2024120805,4154,57210,7,43.25995000000001,9.935550000000001
2024120805,4154,57210,8,43.25995000000001,9.935550000000001
2024120805,4154,57210,9,43.25995000000001,9.935550000000001
2024120805,4154,57210,10,43.25995000000001,9.935550000000001
2024120805,4154,57210,11,43.25995000000001,9.935550000000001
2024120805,4154,57210,12,43.25995000000001,9.935550000000001
2024120805,4154,57210,13,43.25995000000001,9.935550000000001
2024120805,4154,57210,14,43.25995000000001,9.935550000000001
2024120805,4154,57210,15,43.25995000000001,9.935550000000001
2024120805,4154,57210,16,43.25995000000001,9.935550000000001
2024120805,4154,54622,1,43.25995000000001,9.935550000000001
2024120805,4154,54622,2,43.25995000000001,9.935550000000001
2024120805,4154,54622,3,43.25995000000001,9.935550000000001
2024120805,4154,54622,4,43.25995000000001,9.935550000000001
2024120805,4154,54622,5,43.25995000000001,9.935550000000001
2024120805,4154,54622,6,43.25995000000001,9.935550000000001
2024120805,4154,54622,7,43.25995000000001,9.935550000000001
2024120805,4154,54622,8,43.25995000000001,9.935550000000001
2024120805,4154,54622,9,43.25995000000001,9.935550000000001
2024120805,4154,54622,10,43.25995000000001,9.935550000000001
2024120805,4154,54622,11,43.25995000000001,9.935550000000001
2024120805,4154,54622,12,43.25995000000001,9.935550000000001
2024120805,4154,54622,13,43.25995000000001,9.935550000000001
2024120805,4154,54622,14,43.25995000000001,9.935550000000001
2024120805,4154,54622,15,43.25995000000001,9.935550000000001
2024120805,4154,54622,16,43.25995000000001,9.935550000000001
2024120805,4154,48097,1,43.25995000000001,9.935550000000001
2024120805,4154,48097,2,43.25995000000001,9.935550000000001
2024120805,4154,48097,3,43.25995000000001,9.935550000000001
2024120805,4154,48097,4,43.25995000000001,9.935550000000001
2024120805,4154,48097,5,43.25995000000001,9.935550000000001
2024120805,4154,48097,6,43.25995000000001,9.935550000000001
2024120805,4154,48097,7,43.25995000000001,9.935550000000001
2024120805,4154,48097,8,43.25995000000001,9.935550000000001
2024120805,4154,48097,9,43.25995000000001,9.935550000000001
2024120805,4154,48097,10,43.25995000000001,9.935550000000001
2024120805,4154,48097,11,43.25995000000001,9.935550000000001
2024120805,4154,48097,12,43.25995000000001,9.935550000000001
2024120805,4154,48097,13,43.25995000000001,9.935550000000001
2024120805,4154,48097,14,43.25995000000001,9.935550000000001
2024120805,4154,48097,15,43.25995000000001,9.935550000000001
2024120805,4154,48097,16,43.25995000000001,9.935550000000001
2024121502,63,54468,1,43.25995000000001,9.935550000000001
2024121502,63,54468,2,43.25995000000001,9.935550000000001
2024121502,63,54468,3,43.25995000000001,9.935550000000001
2024121502,63,54468,4,43.25995000000001,9.935550000000001
2024121502,63,54468,5,43.25995000000001,9.935550000000001
2024121502,63,54468,6,43.25995000000001,9.935550000000001
2024121502,63,54468,7,43.25995000000001,9.935550000000001
2024121502,63,54468,8,43.25995000000001,9.935550000000001
2024121502,63,54468,9,43.25995000000001,9.935550000000001
2024121502,63,54468,10,43.25995000000001,9.935550000000001
2024121502,63,55949,1,43.25995000000001,9.935550000000001
2024121502,63,55949,2,43.25995000000001,9.935550000000001
2024121502,63,55949,3,43.25995000000001,9.935550000000001
2024121502,63,55949,4,43.25995000000001,9.935550000000001
2024121502,63,55949,5,43.25995000000001,9.935550000000001
2024121502,63,55949,6,43.25995000000001,9.935550000000001
2024121502,63,55949,7,43.25995000000001,9.935550000000001
2024121502,63,55949,8,43.25995000000001,9.935550000000001
2024121502,63,55949,9,43.25995000000001,9.935550000000001
2024121502,63,55949,10,43.25995000000001,9.935550000000001
2024121502,110,56032,1,43.25995000000001,9.935550000000001
2024121502,110,56032,2,43.25995000000001,9.935550000000001
2024121502,110,56032,3,43.25995000000001,9.935550000000001
2024121502,110,56032,4,43.25995000000001,9.935550000000001
2024121502,110,56032,5,43.25995000000001,9.935550000000001
2024121502,110,56032,6,43.25995000000001,9.935550000000001
2024121502,110,56032,7,43.25995000000001,9.935550000000001
2024121502,110,56032,8,43.25995000000001,9.935550000000001
2024121502,110,56032,9,43.25995000000001,9.935550000000001
2024121502,110,56032,10,43.25995000000001,9.935550000000001
2024121502,110,56032,11,43.25995000000001,9.935550000000001
2024121502,110,56032,12,43.25995000000001,9.935550000000001
2024121502,110,56032,13,43.25995000000001,9.935550000000001
2024121502,110,57163,1,43.25995000000001,9.935550000000001
2024121502,110,57163,2,43.25995000000001,9.935550000000001
2024121502,110,57163,3,43.25995000000001,9.935550000000001
2024121502,110,57163,4,43.25995000000001,9.935550000000001
2024121502,110,57163,5,43.25995000000001,9.935550000000001
2024121502,110,57163,6,43.25995000000001,9.935550000000001
2024121502,110,57163,7,43.25995000000001,9.935550000000001
2024121502,110,57163,8,43.25995000000001,9.935550000000001
2024121502,110,57163,9,43.25995000000001,9.935550000000001
2024121502,110,57163,10,43.25995000000001,9.935550000000001
2024121502,110,57163,11,43.25995000000001,9.935550000000001
2024121502,110,57163,12,43.25995000000001,9.935550000000001
2024121502,110,57163,13,43.25995000000001,9.935550000000001
2024121502,110,57304,1,43.25995000000001,9.935550000000001
2024121502,110,57304,2,43.25995000000001,9.935550000000001
2024121502,110,57304,3,43.25995000000001,9.935550000000001
2024121502,110,57304,4,43.25995000000001,9.935550000000001
2024121502,110,57304,5,43.25995000000001,9.935550000000001
2024121502,110,57304,6,43.25995000000001,9.935550000000001
2024121502,110,57304,7,43.25995000000001,9.935550000000001
2024121502,110,57304,8,43.25995000000001,9.935550000000001
2024121502,110,57304,9,43.25995000000001,9.935550000000001
2024121502,110,57304,10,43.25995000000001,9.935550000000001
2024121502,110,57304,11,43.25995000000001,9.935550000000001
2024121502,110,57304,12,43.25995000000001,9.935550000000001
2024121502,110,57304,13,43.25995000000001,9.935550000000001
2024121502,135,57199,1,43.25995000000001,9.935550000000001
2024121502,135,57199,2,43.25995000000001,9.935550000000001
2024121502,135,57199,3,43.25995000000001,9.935550000000001
2024121502,135,57199,4,43.25995000000001,9.935550000000001
2024121502,135,57199,5,43.25995000000001,9.935550000000001
2024121502,135,57199,6,43.25995000000001,9.935550000000001
2024121502,135,57199,7,43.25995000000001,9.935550000000001
2024121502,135,57199,8,43.25995000000001,9.935550000000001
2024121502,135,57199,9,43.25995000000001,9.935550000000001
2024121502,135,57199,10,43.25995000000001,9.935550000000001
2024121502,135,57199,11,43.25995000000001,9.935550000000001
2024121502,135,57199,12,43.25995000000001,9.935550000000001
2024121502,135,57199,13,43.25995000000001,9.935550000000001
2024121502,135,54468,1,43.25995000000001,9.935550000000001
2024121502,135,54468,2,43.25995000000001,9.935550000000001
2024121502,135,54468,3,43.25995000000001,9.935550000000001
2024121502,135,54468,4,43.25995000000001,9.935550000000001
2024121502,135,54468,5,43.25995000000001,9.935550000000001
2024121502,135,54468,6,43.25995000000001,9.935550000000001
2024121502,135,54468,7,43.25995000000001,9.935550000000001
2024121502,135,54468,8,43.25995000000001,9.935550000000001
2024121502,135,54468,9,43.25995000000001,9.935550000000001
2024121502,135,54468,10,43.25995000000001,9.935550000000001
2024121502,135,54468,11,43.25995000000001,9.935550000000001
2024121502,135,54468,12,43.25995000000001,9.935550000000001
2024121502,135,54468,13,43.25995000000001,9.935550000000001
2024121502,135,43395,1,43.25995000000001,9.935550000000001
2024121502,135,43395,2,43.25995000000001,9.935550000000001
2024121502,135,43395,3,43.25995000000001,9.935550000000001
2024121502,135,43395,4,43.25995000000001,9.935550000000001
2024121502,135,43395,5,43.25995000000001,9.935550000000001
2024121502,135,43395,6,43.25995000000001,9.935550000000001
2024121502,135,43395,7,43.25995000000001,9.935550000000001
2024121502,135,43395,8,43.25995000000001,9.935550000000001
2024121502,135,43395,9,43.25995000000001,9.935550000000001
2024121502,135,43395,10,43.25995000000001,9.935550000000001
2024121502,135,43395,11,43.25995000000001,9.935550000000001
2024121502,135,43395,12,43.25995000000001,9.935550000000001
2024121502,135,43395,13,43.25995000000001,9.935550000000001
2024121502,135,56032,1,43.25995000000001,9.935550000000001
2024121502,135,56032,2,43.25995000000001,9.935550000000001
2024121502,135,56032,3,43.25995000000001,9.935550000000001
2024121502,135,56032,4,43.25995000000001,9.935550000000001
2024121502,135,56032,5,43.25995000000001,9.935550000000001
2024121502,135,56032,6,43.25995000000001,9.935550000000001
2024121502,135,56032,7,43.25995000000001,9.935550000000001
2024121502,135,56032,8,43.25995000000001,9.935550000000001
2024121502,135,56032,9,43.25995000000001,9.935550000000001
2024121502,135,56032,10,43.25995000000001,9.935550000000001
2024121502,135,56032,11,43.25995000000001,9.935550000000001
2024121502,135,56032,12,43.25995000000001,9.935550000000001
2024121502,135,56032,13,43.25995000000001,9.935550000000001
2024121502,135,42771,1,43.25995000000001,9.935550000000001
2024121502,135,42771,2,43.25995000000001,9.935550000000001
2024121502,135,42771,3,43.25995000000001,9.935550000000001
2024121502,135,42771,4,43.25995000000001,9.935550000000001
2024121502,135,42771,5,43.25995000000001,9.935550000000001
2024121502,135,42771,6,43.25995000000001,9.935550000000001
2024121502,135,42771,7,43.25995000000001,9.935550000000001
2024121502,135,42771,8,43.25995000000001,9.935550000000001
2024121502,135,42771,9,43.25995000000001,9.935550000000001
2024121502,135,42771,10,43.25995000000001,9.935550000000001
2024121502,135,42771,11,43.25995000000001,9.935550000000001
2024121502,135,42771,12,43.25995000000001,9.935550000000001
2024121502,135,42771,13,43.25995000000001,9.935550000000001
2024121502,135,53435,1,43.25995000000001,9.935550000000001
2024121502,135,53435,2,43.25995000000001,9.935550000000001
2024121502,135,53435,3,43.25995000000001,9.935550000000001
2024121502,135,53435,4,43.25995000000001,9.935550000000001
2024121502,135,53435,5,43.25995000000001,9.935550000000001
2024121502,135,53435,6,43.25995000000001,9.935550000000001
2024121502,135,53435,7,43.25995000000001,9.935550000000001
2024121502,135,53435,8,43.25995000000001,9.935550000000001
2024121502,135,53435,9,43.25995000000001,9.935550000000001
2024121502,135,53435,10,43.25995000000001,9.935550000000001
2024121502,135,53435,11,43.25995000000001,9.935550000000001
2024121502,135,53435,12,43.25995000000001,9.935550000000001
2024121502,135,53435,13,43.25995000000001,9.935550000000001
2024121502,226,52435,1,43.25995000000001,9.935550000000001
2024121502,226,52435,2,43.25995000000001,9.935550000000001
2024121502,226,52435,3,43.25995000000001,9.935550000000001
2024121502,226,52435,4,43.25995000000001,9.935550000000001
2024121502,226,52435,5,43.25995000000001,9.935550000000001
2024121502,226,52435,6,43.25995000000001,9.935550000000001
2024121502,226,52435,7,43.25995000000001,9.935550000000001
2024121502,226,52435,8,43.25995000000001,9.935550000000001
2024121502,226,52435,9,43.25995000000001,9.935550000000001
2024121502,226,52435,10,43.25995000000001,9.935550000000001
2024121502,226,52435,11,43.25995000000001,9.935550000000001
2024121502,226,44860,1,43.25995000000001,9.935550000000001
2024121502,226,44860,2,43.25995000000001,9.935550000000001
2024121502,226,44860,3,43.25995000000001,9.935550000000001
2024121502,226,44860,4,43.25995000000001,9.935550000000001
2024121502,226,44860,5,43.25995000000001,9.935550000000001
2024121502,226,44860,6,43.25995000000001,9.935550000000001
2024121502,226,44860,7,43.25995000000001,9.935550000000001
2024121502,226,44860,8,43.25995000000001,9.935550000000001
2024121502,226,44860,9,43.25995000000001,9.935550000000001
2024121502,226,44860,10,43.25995000000001,9.935550000000001
2024121502,226,44860,11,43.25995000000001,9.935550000000001
2024121502,302,44974,1,43.25995000000001,9.935550000000001
2024121502,302,44974,2,43.25995000000001,9.935550000000001
2024121502,302,44974,3,43.25995000000001,9.935550000000001
2024121502,302,44974,4,43.25995000000001,9.935550000000001
2024121502,302,44974,5,43.25995000000001,9.935550000000001
2024121502,302,44974,6,43.25995000000001,9.935550000000001
2024121502,302,44974,7,43.25995000000001,9.935550000000001
2024121502,302,44974,8,43.25995000000001,9.935550000000001
2024121502,302,44974,9,43.25995000000001,9.935550000000001
2024121502,302,44974,10,43.25995000000001,9.935550000000001
2024121502,302,44974,11,43.25995000000001,9.935550000000001
2024121502,302,44974,12,43.25995000000001,9.935550000000001
2024121502,302,53465,1,43.25995000000001,9.935550000000001
2024121502,302,53465,2,43.25995000000001,9.935550000000001
2024121502,302,53465,3,43.25995000000001,9.935550000000001
2024121502,302,53465,4,43.25995000000001,9.935550000000001
2024121502,302,53465,5,43.25995000000001,9.935550000000001
2024121502,302,53465,6,43.25995000000001,9.935550000000001
2024121502,302,53465,7,43.25995000000001,9.935550000000001
2024121502,302,53465,8,43.25995000000001,9.935550000000001
2024121502,302,53465,9,43.25995000000001,9.935550000000001
2024121502,302,53465,10,43.25995000000001,9.935550000000001
2024121502,302,53465,11,43.25995000000001,9.935550000000001
2024121502,302,53465,12,43.25995000000001,9.935550000000001
2024121502,302,43373,1,43.25995000000001,9.935550000000001
2024121502,302,43373,2,43.25995000000001,9.935550000000001
2024121502,302,43373,3,43.25995000000001,9.935550000000001
2024121502,302,43373,4,43.25995000000001,9.935550000000001
2024121502,302,43373,5,43.25995000000001,9.935550000000001
2024121502,302,43373,6,43.25995000000001,9.935550000000001
2024121502,302,43373,7,43.25995000000001,9.935550000000001
2024121502,302,43373,8,43.25995000000001,9.935550000000001
2024121502,302,43373,9,43.25995000000001,9.935550000000001
2024121502,302,43373,10,43.25995000000001,9.935550000000001
2024121502,302,43373,11,43.25995000000001,9.935550000000001
2024121502,302,43373,12,43.25995000000001,9.935550000000001
2024121502,302,48013,1,43.25995000000001,9.935550000000001
2024121502,302,48013,2,43.25995000000001,9.935550000000001
2024121502,302,48013,3,43.25995000000001,9.935550000000001
2024121502,302,48013,4,43.25995000000001,9.935550000000001
2024121502,302,48013,5,43.25995000000001,9.935550000000001
2024121502,302,48013,6,43.25995000000001,9.935550000000001
2024121502,302,48013,7,43.25995000000001,9.935550000000001
2024121502,302,48013,8,43.25995000000001,9.935550000000001
2024121502,302,48013,9,43.25995000000001,9.935550000000001
2024121502,302,48013,10,43.25995000000001,9.935550000000001
2024121502,302,48013,11,43.25995000000001,9.935550000000001
2024121502,302,48013,12,43.25995000000001,9.935550000000001
2024121502,302,39989,1,43.25995000000001,9.935550000000001
2024121502,302,39989,2,43.25995000000001,9.935550000000001
2024121502,302,39989,3,43.25995000000001,9.935550000000001
2024121502,302,39989,4,43.25995000000001,9.935550000000001
2024121502,302,39989,5,43.25995000000001,9.935550000000001
2024121502,302,39989,6,43.25995000000001,9.935550000000001
2024121502,302,39989,7,43.25995000000001,9.935550000000001
2024121502,302,39989,8,43.25995000000001,9.935550000000001
2024121502,302,39989,9,43.25995000000001,9.935550000000001
2024121502,302,39989,10,43.25995000000001,9.935550000000001
2024121502,302,39989,11,43.25995000000001,9.935550000000001
2024121502,302,39989,12,43.25995000000001,9.935550000000001
2024121502,363,43373,1,43.25995000000001,9.935550000000001
2024121502,363,43373,2,43.25995000000001,9.935550000000001
2024121502,363,43373,3,43.25995000000001,9.935550000000001
2024121502,363,43373,4,43.25995000000001,9.935550000000001
2024121502,363,43373,5,43.25995000000001,9.935550000000001
2024121502,363,43373,6,43.25995000000001,9.935550000000001
2024121502,363,43373,7,43.25995000000001,9.935550000000001
2024121502,363,43373,8,43.25995000000001,9.935550000000001
2024121502,363,43373,9,43.25995000000001,9.935550000000001
2024121502,363,43373,10,43.25995000000001,9.935550000000001
2024121502,363,43373,11,43.25995000000001,9.935550000000001
2024121502,363,53518,1,43.25995000000001,9.935550000000001
2024121502,363,53518,2,43.25995000000001,9.935550000000001
2024121502,363,53518,3,43.25995000000001,9.935550000000001
2024121502,363,53518,4,43.25995000000001,9.935550000000001
2024121502,363,53518,5,43.25995000000001,9.935550000000001
2024121502,363,53518,6,43.25995000000001,9.935550000000001
2024121502,363,53518,7,43.25995000000001,9.935550000000001
2024121502,363,53518,8,43.25995000000001,9.935550000000001
2024121502,363,53518,9,43.25995000000001,9.935550000000001
2024121502,363,53518,10,43.25995000000001,9.935550000000001
2024121502,363,53518,11,43.25995000000001,9.935550000000001
2024121502,523,54468,1,43.25995000000001,9.935550000000001
2024121502,523,54468,2,43.25995000000001,9.935550000000001
2024121502,523,54468,3,43.25995000000001,9.935550000000001
2024121502,523,54468,4,43.25995000000001,9.935550000000001
2024121502,523,54468,5,43.25995000000001,9.935550000000001
2024121502,523,54468,6,43.25995000000001,9.935550000000001
2024121502,523,54468,7,43.25995000000001,9.935550000000001
2024121502,523,54468,8,43.25995000000001,9.935550000000001
2024121502,523,54468,9,43.25995000000001,9.935550000000001
2024121502,523,54468,10,43.25995000000001,9.935550000000001
2024121502,523,54468,11,43.25995000000001,9.935550000000001
2024121502,523,54468,12,43.25995000000001,9.935550000000001
2024121502,523,54468,13,43.25995000000001,9.935550000000001
2024121502,523,54468,14,43.25995000000001,9.935550000000001
2024121502,523,54468,15,43.25995000000001,9.935550000000001
2024121502,523,54468,16,43.25995000000001,9.935550000000001
2024121502,523,43454,1,43.25995000000001,9.935550000000001
2024121502,523,43454,2,43.25995000000001,9.935550000000001
2024121502,523,43454,3,43.25995000000001,9.935550000000001
2024121502,523,43454,4,43.25995000000001,9.935550000000001
2024121502,523,43454,5,43.25995000000001,9.935550000000001
2024121502,523,43454,6,43.25995000000001,9.935550000000001
2024121502,523,43454,7,43.25995000000001,9.935550000000001
2024121502,523,43454,8,43.25995000000001,9.935550000000001
2024121502,523,43454,9,43.25995000000001,9.935550000000001
2024121502,523,43454,10,43.25995000000001,9.935550000000001
2024121502,523,43454,11,43.25995000000001,9.935550000000001
2024121502,523,43454,12,43.25995000000001,9.935550000000001
2024121502,523,43454,13,43.25995000000001,9.935550000000001
2024121502,523,43454,14,43.25995000000001,9.935550000000001
2024121502,523,43454,15,43.25995000000001,9.935550000000001
2024121502,523,43454,16,43.25995000000001,9.935550000000001
2024121502,546,57163,1,43.25995000000001,9.935550000000001
2024121502,546,57163,2,43.25995000000001,9.935550000000001
2024121502,546,57163,3,43.25995000000001,9.935550000000001
2024121502,546,57163,4,43.25995000000001,9.935550000000001
2024121502,546,57163,5,43.25995000000001,9.935550000000001
2024121502,546,57163,6,43.25995000000001,9.935550000000001
2024121502,546,57163,7,43.25995000000001,9.935550000000001
2024121502,546,57163,8,43.25995000000001,9.935550000000001
2024121502,546,57163,9,43.25995000000001,9.935550000000001
2024121502,546,57163,10,43.25995000000001,9.935550000000001
2024121502,546,57163,11,43.25995000000001,9.935550000000001
2024121502,546,57163,12,43.25995000000001,9.935550000000001
2024121502,546,57163,13,43.25995000000001,9.935550000000001
2024121502,546,43454,1,43.25995000000001,9.935550000000001
2024121502,546,43454,2,43.25995000000001,9.935550000000001
2024121502,546,43454,3,43.25995000000001,9.935550000000001
2024121502,546,43454,4,43.25995000000001,9.935550000000001
2024121502,546,43454,5,43.25995000000001,9.935550000000001
2024121502,546,43454,6,43.25995000000001,9.935550000000001
2024121502,546,43454,7,43.25995000000001,9.935550000000001
2024121502,546,43454,8,43.25995000000001,9.935550000000001
2024121502,546,43454,9,43.25995000000001,9.935550000000001
2024121502,546,43454,10,43.25995000000001,9.935550000000001
2024121502,546,43454,11,43.25995000000001,9.935550000000001
2024121502,546,43454,12,43.25995000000001,9.935550000000001
2024121502,546,43454,13,43.25995000000001,9.935550000000001
2024121502,625,43321,1,43.25995000000001,9.935550000000001
2024121502,625,43321,2,43.25995000000001,9.935550000000001
2024121502,625,43321,3,43.25995000000001,9.935550000000001
2024121502,625,43321,4,43.25995000000001,9.935550000000001
2024121502,625,43321,5,43.25995000000001,9.935550000000001
2024121502,625,43321,6,43.25995000000001,9.935550000000001
2024121502,625,43321,7,43.25995000000001,9.935550000000001
2024121502,625,43321,8,43.25995000000001,9.935550000000001
2024121502,625,43321,9,43.25995000000001,9.935550000000001
2024121502,625,43294,1,43.25995000000001,9.935550000000001
2024121502,625,43294,2,43.25995000000001,9.935550000000001
2024121502,625,43294,3,43.25995000000001,9.935550000000001
2024121502,625,43294,4,43.25995000000001,9.935550000000001
2024121502,625,43294,5,43.25995000000001,9.935550000000001
2024121502,625,43294,6,43.25995000000001,9.935550000000001
2024121502,625,43294,7,43.25995000000001,9.935550000000001
2024121502,625,43294,8,43.25995000000001,9.935550000000001
2024121502,625,43294,9,43.25995000000001,9.935550000000001
2024121502,625,52435,1,43.25995000000001,9.935550000000001
2024121502,625,52435,2,43.25995000000001,9.935550000000001
2024121502,625,52435,3,43.25995000000001,9.935550000000001
2024121502,625,52435,4,43.25995000000001,9.935550000000001
2024121502,625,52435,5,43.25995000000001,9.935550000000001
2024121502,625,52435,6,43.25995000000001,9.935550000000001
2024121502,625,52435,7,43.25995000000001,9.935550000000001
2024121502,625,52435,8,43.25995000000001,9.935550000000001
2024121502,625,52435,9,43.25995000000001,9.935550000000001
2024121502,625,54509,1,43.25995000000001,9.935550000000001
2024121502,625,54509,2,43.25995000000001,9.935550000000001
2024121502,625,54509,3,43.25995000000001,9.935550000000001
2024121502,625,54509,4,43.25995000000001,9.935550000000001
2024121502,625,54509,5,43.25995000000001,9.935550000000001
2024121502,625,54509,6,43.25995000000001,9.935550000000001
2024121502,625,54509,7,43.25995000000001,9.935550000000001
2024121502,625,54509,8,43.25995000000001,9.935550000000001
2024121502,625,54509,9,43.25995000000001,9.935550000000001
2024121502,723,54540,1,43.25995000000001,9.935550000000001
2024121502,723,54540,2,43.25995000000001,9.935550000000001
2024121502,723,54540,3,43.25995000000001,9.935550000000001
2024121502,723,54540,4,43.25995000000001,9.935550000000001
2024121502,723,54540,5,43.25995000000001,9.935550000000001
2024121502,723,54540,6,43.25995000000001,9.935550000000001
2024121502,723,54540,7,43.25995000000001,9.935550000000001
2024121502,723,54540,8,43.25995000000001,9.935550000000001
2024121502,723,55867,1,43.25995000000001,9.935550000000001
2024121502,723,55867,2,43.25995000000001,9.935550000000001
2024121502,723,55867,3,43.25995000000001,9.935550000000001
2024121502,723,55867,4,43.25995000000001,9.935550000000001
2024121502,723,55867,5,43.25995000000001,9.935550000000001
2024121502,723,55867,6,43.25995000000001,9.935550000000001
2024121502,723,55867,7,43.25995000000001,9.935550000000001
2024121502,723,55867,8,43.25995000000001,9.935550000000001
2024121502,723,44912,1,43.25995000000001,9.935550000000001
2024121502,723,44912,2,43.25995000000001,9.935550000000001
2024121502,723,44912,3,43.25995000000001,9.935550000000001
2024121502,723,44912,4,43.25995000000001,9.935550000000001
2024121502,723,44912,5,43.25995000000001,9.935550000000001
2024121502,723,44912,6,43.25995000000001,9.935550000000001
2024121502,723,44912,7,43.25995000000001,9.935550000000001
2024121502,723,44912,8,43.25995000000001,9.935550000000001
2024121502,924,56032,1,43.25995000000001,9.935550000000001
2024121502,924,56032,2,43.25995000000001,9.935550000000001
2024121502,924,56032,3,43.25995000000001,9.935550000000001
2024121502,924,56032,4,43.25995000000001,9.935550000000001
2024121502,924,56032,5,43.25995000000001,9.935550000000001
2024121502,924,56032,6,43.25995000000001,9.935550000000001
2024121502,924,56032,7,43.25995000000001,9.935550000000001
2024121502,924,56032,8,43.25995000000001,9.935550000000001
2024121502,924,56032,9,43.25995000000001,9.935550000000001
2024121502,924,41256,1,43.25995000000001,9.935550000000001
2024121502,924,41256,2,43.25995000000001,9.935550000000001
2024121502,924,41256,3,43.25995000000001,9.935550000000001
2024121502,924,41256,4,43.25995000000001,9.935550000000001
2024121502,924,41256,5,43.25995000000001,9.935550000000001
2024121502,924,41256,6,43.25995000000001,9.935550000000001
2024121502,924,41256,7,43.25995000000001,9.935550000000001
2024121502,924,41256,8,43.25995000000001,9.935550000000001
2024121502,924,41256,9,43.25995000000001,9.935550000000001
2024121502,924,57163,1,43.25995000000001,9.935550000000001
2024121502,924,57163,2,43.25995000000001,9.935550000000001
2024121502,924,57163,3,43.25995000000001,9.935550000000001
2024121502,924,57163,4,43.25995000000001,9.935550000000001
2024121502,924,57163,5,43.25995000000001,9.935550000000001
2024121502,924,57163,6,43.25995000000001,9.935550000000001
2024121502,924,57163,7,43.25995000000001,9.935550000000001
2024121502,924,57163,8,43.25995000000001,9.935550000000001
2024121502,924,57163,9,43.25995000000001,9.935550000000001
2024121502,924,57304,1,43.25995000000001,9.935550000000001
2024121502,924,57304,2,43.25995000000001,9.935550000000001
2024121502,924,57304,3,43.25995000000001,9.935550000000001
2024121502,924,57304,4,43.25995000000001,9.935550000000001
2024121502,924,57304,5,43.25995000000001,9.935550000000001
2024121502,924,57304,6,43.25995000000001,9.935550000000001
2024121502,924,57304,7,43.25995000000001,9.935550000000001
2024121502,924,57304,8,43.25995000000001,9.935550000000001
2024121502,924,57304,9,43.25995000000001,9.935550000000001
2024121502,1130,44974,1,43.25995000000001,9.935550000000001
2024121502,1130,44974,2,43.25995000000001,9.935550000000001
2024121502,1130,44974,3,43.25995000000001,9.935550000000001
2024121502,1130,44974,4,43.25995000000001,9.935550000000001
2024121502,1130,44974,5,43.25995000000001,9.935550000000001
2024121502,1130,44974,6,43.25995000000001,9.935550000000001
2024121502,1130,44974,7,43.25995000000001,9.935550000000001
2024121502,1130,44974,8,43.25995000000001,9.935550000000001
2024121502,1130,44974,9,43.25995000000001,9.935550000000001
2024121502,1130,44974,10,43.25995000000001,9.935550000000001
2024121502,1130,44974,11,43.25995000000001,9.935550000000001
2024121502,1130,43294,1,43.25995000000001,9.935550000000001
2024121502,1130,43294,2,43.25995000000001,9.935550000000001
2024121502,1130,43294,3,43.25995000000001,9.935550000000001
2024121502,1130,43294,4,43.25995000000001,9.935550000000001
2024121502,1130,43294,5,43.25995000000001,9.935550000000001
2024121502,1130,43294,6,43.25995000000001,9.935550000000001
2024121502,1130,43294,7,43.25995000000001,9.935550000000001
2024121502,1130,43294,8,43.25995000000001,9.935550000000001
2024121502,1130,43294,9,43.25995000000001,9.935550000000001
2024121502,1130,43294,10,43.25995000000001,9.935550000000001
2024121502,1130,43294,11,43.25995000000001,9.935550000000001
2024121502,1130,52435,1,43.25995000000001,9.935550000000001
2024121502,1130,52435,2,43.25995000000001,9.935550000000001
2024121502,1130,52435,3,43.25995000000001,9.935550000000001
2024121502,1130,52435,4,43.25995000000001,9.935550000000001
2024121502,1130,52435,5,43.25995000000001,9.935550000000001
2024121502,1130,52435,6,43.25995000000001,9.935550000000001
2024121502,1130,52435,7,43.25995000000001,9.935550000000001
2024121502,1130,52435,8,43.25995000000001,9.935550000000001
2024121502,1130,52435,9,43.25995000000001,9.935550000000001
2024121502,1130,52435,10,43.25995000000001,9.935550000000001
2024121502,1130,52435,11,43.25995000000001,9.935550000000001
2024121502,1130,53518,1,43.25995000000001,9.935550000000001
2024121502,1130,53518,2,43.25995000000001,9.935550000000001
2024121502,1130,53518,3,43.25995000000001,9.935550000000001
2024121502,1130,53518,4,43.25995000000001,9.935550000000001
2024121502,1130,53518,5,43.25995000000001,9.935550000000001
2024121502,1130,53518,6,43.25995000000001,9.935550000000001
2024121502,1130,53518,7,43.25995000000001,9.935550000000001
2024121502,1130,53518,8,43.25995000000001,9.935550000000001
2024121502,1130,53518,9,43.25995000000001,9.935550000000001
2024121502,1130,53518,10,43.25995000000001,9.935550000000001
2024121502,1130,53518,11,43.25995000000001,9.935550000000001
2024121502,1242,57199,1,43.25995000000001,9.935550000000001
2024121502,1242,57199,2,43.25995000000001,9.935550000000001
2024121502,1242,57199,3,43.25995000000001,9.935550000000001
2024121502,1242,57199,4,43.25995000000001,9.935550000000001
2024121502,1242,57199,5,43.25995000000001,9.935550000000001
2024121502,1242,57199,6,43.25995000000001,9.935550000000001
2024121502,1242,57199,7,43.25995000000001,9.935550000000001
2024121502,1242,57199,8,43.25995000000001,9.935550000000001
2024121502,1242,57199,9,43.25995000000001,9.935550000000001
2024121502,1242,57199,10,43.25995000000001,9.935550000000001
2024121502,1242,57199,11,43.25995000000001,9.935550000000001
2024121502,1242,57199,12,43.25995000000001,9.935550000000001
2024121502,1242,57199,13,43.25995000000001,9.935550000000001
2024121502,1242,54540,1,43.25995000000001,9.935550000000001
2024121502,1242,54540,2,43.25995000000001,9.935550000000001
2024121502,1242,54540,3,43.25995000000001,9.935550000000001
2024121502,1242,54540,4,43.25995000000001,9.935550000000001
2024121502,1242,54540,5,43.25995000000001,9.935550000000001
2024121502,1242,54540,6,43.25995000000001,9.935550000000001
2024121502,1242,54540,7,43.25995000000001,9.935550000000001
2024121502,1242,54540,8,43.25995000000001,9.935550000000001
2024121502,1242,54540,9,43.25995000000001,9.935550000000001
2024121502,1242,54540,10,43.25995000000001,9.935550000000001
2024121502,1242,54540,11,43.25995000000001,9.935550000000001
2024121502,1242,54540,12,43.25995000000001,9.935550000000001
2024121502,1242,54540,13,43.25995000000001,9.935550000000001
2024121502,1242,54468,1,43.25995000000001,9.935550000000001
2024121502,1242,54468,2,43.25995000000001,9.935550000000001
2024121502,1242,54468,3,43.25995000000001,9.935550000000001
2024121502,1242,54468,4,43.25995000000001,9.935550000000001
2024121502,1242,54468,5,43.25995000000001,9.935550000000001
2024121502,1242,54468,6,43.25995000000001,9.935550000000001
2024121502,1242,54468,7,43.25995000000001,9.935550000000001
2024121502,1242,54468,8,43.25995000000001,9.935550000000001
2024121502,1242,54468,9,43.25995000000001,9.935550000000001
2024121502,1242,54468,10,43.25995000000001,9.935550000000001
2024121502,1242,54468,11,43.25995000000001,9.935550000000001
2024121502,1242,54468,12,43.25995000000001,9.935550000000001
2024121502,1242,54468,13,43.25995000000001,9.935550000000001
2024121502,1242,56032,1,43.25995000000001,9.935550000000001
2024121502,1242,56032,2,43.25995000000001,9.935550000000001
2024121502,1242,56032,3,43.25995000000001,9.935550000000001
2024121502,1242,56032,4,43.25995000000001,9.935550000000001
2024121502,1242,56032,5,43.25995000000001,9.935550000000001
2024121502,1242,56032,6,43.25995000000001,9.935550000000001
2024121502,1242,56032,7,43.25995000000001,9.935550000000001
2024121502,1242,56032,8,43.25995000000001,9.935550000000001
2024121502,1242,56032,9,43.25995000000001,9.935550000000001
2024121502,1242,56032,10,43.25995000000001,9.935550000000001
2024121502,1242,56032,11,43.25995000000001,9.935550000000001
2024121502,1242,56032,12,43.25995000000001,9.935550000000001
2024121502,1242,56032,13,43.25995000000001,9.935550000000001
2024121502,1242,57163,1,43.25995000000001,9.935550000000001
2024121502,1242,57163,2,43.25995000000001,9.935550000000001
2024121502,1242,57163,3,43.25995000000001,9.935550000000001
2024121502,1242,57163,4,43.25995000000001,9.935550000000001
2024121502,1242,57163,5,43.25995000000001,9.935550000000001
2024121502,1242,57163,6,43.25995000000001,9.935550000000001
2024121502,1242,57163,7,43.25995000000001,9.935550000000001
2024121502,1242,57163,8,43.25995000000001,9.935550000000001
2024121502,1242,57163,9,43.25995000000001,9.935550000000001
2024121502,1242,57163,10,43.25995000000001,9.935550000000001
2024121502,1242,57163,11,43.25995000000001,9.935550000000001
2024121502,1242,57163,12,43.25995000000001,9.935550000000001
2024121502,1242,57163,13,43.25995000000001,9.935550000000001
2024121502,1242,53435,1,43.25995000000001,9.935550000000001
2024121502,1242,53435,2,43.25995000000001,9.935550000000001
2024121502,1242,53435,3,43.25995000000001,9.935550000000001
2024121502,1242,53435,4,43.25995000000001,9.935550000000001
2024121502,1242,53435,5,43.25995000000001,9.935550000000001
2024121502,1242,53435,6,43.25995000000001,9.935550000000001
2024121502,1242,53435,7,43.25995000000001,9.935550000000001
2024121502,1242,53435,8,43.25995000000001,9.935550000000001
2024121502,1242,53435,9,43.25995000000001,9.935550000000001
2024121502,1242,53435,10,43.25995000000001,9.935550000000001
2024121502,1242,53435,11,43.25995000000001,9.935550000000001
2024121502,1242,53435,12,43.25995000000001,9.935550000000001
2024121502,1242,53435,13,43.25995000000001,9.935550000000001
2024121502,1295,53465,1,43.25995000000001,9.935550000000001
2024121502,1295,53465,2,43.25995000000001,9.935550000000001
2024121502,1295,53465,3,43.25995000000001,9.935550000000001
2024121502,1295,53465,4,43.25995000000001,9.935550000000001
2024121502,1295,53465,5,43.25995000000001,9.935550000000001
2024121502,1295,53465,6,43.25995000000001,9.935550000000001
2024121502,1295,53465,7,43.25995000000001,9.935550000000001
2024121502,1295,53465,8,43.25995000000001,9.935550000000001
2024121502,1295,53465,9,43.25995000000001,9.935550000000001
2024121502,1295,53465,10,43.25995000000001,9.935550000000001
2024121502,1295,53465,11,43.25995000000001,9.935550000000001
2024121502,1295,53465,12,43.25995000000001,9.935550000000001
2024121502,1295,54936,1,43.25995000000001,9.935550000000001
2024121502,1295,54936,2,43.25995000000001,9.935550000000001
2024121502,1295,54936,3,43.25995000000001,9.935550000000001
2024121502,1295,54936,4,43.25995000000001,9.935550000000001
2024121502,1295,54936,5,43.25995000000001,9.935550000000001
2024121502,1295,54936,6,43.25995000000001,9.935550000000001
2024121502,1295,54936,7,43.25995000000001,9.935550000000001
2024121502,1295,54936,8,43.25995000000001,9.935550000000001
2024121502,1295,54936,9,43.25995000000001,9.935550000000001
2024121502,1295,54936,10,43.25995000000001,9.935550000000001
2024121502,1295,54936,11,43.25995000000001,9.935550000000001
2024121502,1295,54936,12,43.25995000000001,9.935550000000001
2024121502,1295,43373,1,43.25995000000001,9.935550000000001
2024121502,1295,43373,2,43.25995000000001,9.935550000000001
2024121502,1295,43373,3,43.25995000000001,9.935550000000001
2024121502,1295,43373,4,43.25995000000001,9.935550000000001
2024121502,1295,43373,5,43.25995000000001,9.935550000000001
2024121502,1295,43373,6,43.25995000000001,9.935550000000001
2024121502,1295,43373,7,43.25995000000001,9.935550000000001
2024121502,1295,43373,8,43.25995000000001,9.935550000000001
2024121502,1295,43373,9,43.25995000000001,9.935550000000001
2024121502,1295,43373,10,43.25995000000001,9.935550000000001
2024121502,1295,43373,11,43.25995000000001,9.935550000000001
2024121502,1295,43373,12,43.25995000000001,9.935550000000001
2024121502,1295,55934,1,43.25995000000001,9.935550000000001
2024121502,1295,55934,2,43.25995000000001,9.935550000000001
2024121502,1295,55934,3,43.25995000000001,9.935550000000001
2024121502,1295,55934,4,43.25995000000001,9.935550000000001
2024121502,1295,55934,5,43.25995000000001,9.935550000000001
2024121502,1295,55934,6,43.25995000000001,9.935550000000001
2024121502,1295,55934,7,43.25995000000001,9.935550000000001
2024121502,1295,55934,8,43.25995000000001,9.935550000000001
2024121502,1295,55934,9,43.25995000000001,9.935550000000001
2024121502,1295,55934,10,43.25995000000001,9.935550000000001
2024121502,1295,55934,11,43.25995000000001,9.935550000000001
2024121502,1295,55934,12,43.25995000000001,9.935550000000001
2024121502,1391,44974,1,43.25995000000001,9.935550000000001
2024121502,1391,44974,2,43.25995000000001,9.935550000000001
2024121502,1391,44974,3,43.25995000000001,9.935550000000001
2024121502,1391,44974,4,43.25995000000001,9.935550000000001
2024121502,1391,44974,5,43.25995000000001,9.935550000000001
2024121502,1391,44974,6,43.25995000000001,9.935550000000001
2024121502,1391,44974,7,43.25995000000001,9.935550000000001
2024121502,1391,44974,8,43.25995000000001,9.935550000000001
2024121502,1391,44974,9,43.25995000000001,9.935550000000001
2024121502,1391,44974,10,43.25995000000001,9.935550000000001
2024121502,1391,44974,11,43.25995000000001,9.935550000000001
2024121502,1391,40166,1,43.25995000000001,9.935550000000001
2024121502,1391,40166,2,43.25995000000001,9.935550000000001
2024121502,1391,40166,3,43.25995000000001,9.935550000000001
2024121502,1391,40166,4,43.25995000000001,9.935550000000001
2024121502,1391,40166,5,43.25995000000001,9.935550000000001
2024121502,1391,40166,6,43.25995000000001,9.935550000000001
2024121502,1391,40166,7,43.25995000000001,9.935550000000001
2024121502,1391,40166,8,43.25995000000001,9.935550000000001
2024121502,1391,40166,9,43.25995000000001,9.935550000000001
2024121502,1391,40166,10,43.25995000000001,9.935550000000001
2024121502,1391,40166,11,43.25995000000001,9.935550000000001
2024121502,1391,54936,1,43.25995000000001,9.935550000000001
2024121502,1391,54936,2,43.25995000000001,9.935550000000001
2024121502,1391,54936,3,43.25995000000001,9.935550000000001
2024121502,1391,54936,4,43.25995000000001,9.935550000000001
2024121502,1391,54936,5,43.25995000000001,9.935550000000001
2024121502,1391,54936,6,43.25995000000001,9.935550000000001
2024121502,1391,54936,7,43.25995000000001,9.935550000000001
2024121502,1391,54936,8,43.25995000000001,9.935550000000001
2024121502,1391,54936,9,43.25995000000001,9.935550000000001
2024121502,1391,54936,10,43.25995000000001,9.935550000000001
2024121502,1391,54936,11,43.25995000000001,9.935550000000001
2024121502,1391,53518,1,43.25995000000001,9.935550000000001
2024121502,1391,53518,2,43.25995000000001,9.935550000000001
2024121502,1391,53518,3,43.25995000000001,9.935550000000001
2024121502,1391,53518,4,43.25995000000001,9.935550000000001
2024121502,1391,53518,5,43.25995000000001,9.935550000000001
2024121502,1391,53518,6,43.25995000000001,9.935550000000001
2024121502,1391,53518,7,43.25995000000001,9.935550000000001
2024121502,1391,53518,8,43.25995000000001,9.935550000000001
2024121502,1391,53518,9,43.25995000000001,9.935550000000001
2024121502,1391,53518,10,43.25995000000001,9.935550000000001
2024121502,1391,53518,11,43.25995000000001,9.935550000000001
2024121502,1451,54540,1,43.25995000000001,9.935550000000001
2024121502,1451,54540,2,43.25995000000001,9.935550000000001
2024121502,1451,54540,3,43.25995000000001,9.935550000000001
2024121502,1451,54540,4,43.25995000000001,9.935550000000001
2024121502,1451,54540,5,43.25995000000001,9.935550000000001
2024121502,1451,54540,6,43.25995000000001,9.935550000000001
2024121502,1451,54540,7,43.25995000000001,9.935550000000001
2024121502,1451,54540,8,43.25995000000001,9.935550000000001
2024121502,1451,54540,9,43.25995000000001,9.935550000000001
2024121502,1451,54540,10,43.25995000000001,9.935550000000001
2024121502,1451,54540,11,43.25995000000001,9.935550000000001
2024121502,1451,54540,12,43.25995000000001,9.935550000000001
2024121502,1451,54540,13,43.25995000000001,9.935550000000001
2024121502,1451,54468,1,43.25995000000001,9.935550000000001
2024121502,1451,54468,2,43.25995000000001,9.935550000000001
2024121502,1451,54468,3,43.25995000000001,9.935550000000001
2024121502,1451,54468,4,43.25995000000001,9.935550000000001
2024121502,1451,54468,5,43.25995000000001,9.935550000000001
2024121502,1451,54468,6,43.25995000000001,9.935550000000001
2024121502,1451,54468,7,43.25995000000001,9.935550000000001
2024121502,1451,54468,8,43.25995000000001,9.935550000000001
2024121502,1451,54468,9,43.25995000000001,9.935550000000001
2024121502,1451,54468,10,43.25995000000001,9.935550000000001
2024121502,1451,54468,11,43.25995000000001,9.935550000000001
2024121502,1451,54468,12,43.25995000000001,9.935550000000001
2024121502,1451,54468,13,43.25995000000001,9.935550000000001
2024121502,1451,57304,1,43.25995000000001,9.935550000000001
2024121502,1451,57304,2,43.25995000000001,9.935550000000001
2024121502,1451,57304,3,43.25995000000001,9.935550000000001
2024121502,1451,57304,4,43.25995000000001,9.935550000000001
2024121502,1451,57304,5,43.25995000000001,9.935550000000001
2024121502,1451,57304,6,43.25995000000001,9.935550000000001
2024121502,1451,57304,7,43.25995000000001,9.935550000000001
2024121502,1451,57304,8,43.25995000000001,9.935550000000001
2024121502,1451,57304,9,43.25995000000001,9.935550000000001
2024121502,1451,57304,10,43.25995000000001,9.935550000000001
2024121502,1451,57304,11,43.25995000000001,9.935550000000001
2024121502,1451,57304,12,43.25995000000001,9.935550000000001
2024121502,1451,57304,13,43.25995000000001,9.935550000000001
2024121502,1476,54540,1,43.25995000000001,9.935550000000001
2024121502,1476,54540,2,43.25995000000001,9.935550000000001
2024121502,1476,54540,3,43.25995000000001,9.935550000000001
2024121502,1476,54540,4,43.25995000000001,9.935550000000001
2024121502,1476,54540,5,43.25995000000001,9.935550000000001
2024121502,1476,54540,6,43.25995000000001,9.935550000000001
2024121502,1476,54540,7,43.25995000000001,9.935550000000001
2024121502,1476,54540,8,43.25995000000001,9.935550000000001
2024121502,1476,54540,9,43.25995000000001,9.935550000000001
2024121502,1476,56032,1,43.25995000000001,9.935550000000001
2024121502,1476,56032,2,43.25995000000001,9.935550000000001
2024121502,1476,56032,3,43.25995000000001,9.935550000000001
2024121502,1476,56032,4,43.25995000000001,9.935550000000001
2024121502,1476,56032,5,43.25995000000001,9.935550000000001
2024121502,1476,56032,6,43.25995000000001,9.935550000000001
2024121502,1476,56032,7,43.25995000000001,9.935550000000001
2024121502,1476,56032,8,43.25995000000001,9.935550000000001
2024121502,1476,56032,9,43.25995000000001,9.935550000000001
2024121502,1476,44912,1,43.25995000000001,9.935550000000001
2024121502,1476,44912,2,43.25995000000001,9.935550000000001
2024121502,1476,44912,3,43.25995000000001,9.935550000000001
2024121502,1476,44912,4,43.25995000000001,9.935550000000001
2024121502,1476,44912,5,43.25995000000001,9.935550000000001
2024121502,1476,44912,6,43.25995000000001,9.935550000000001
2024121502,1476,44912,7,43.25995000000001,9.935550000000001
2024121502,1476,44912,8,43.25995000000001,9.935550000000001
2024121502,1476,44912,9,43.25995000000001,9.935550000000001
2024121502,1523,54468,1,43.25995000000001,9.935550000000001
2024121502,1523,54468,2,43.25995000000001,9.935550000000001
2024121502,1523,54468,3,43.25995000000001,9.935550000000001
2024121502,1523,54468,4,43.25995000000001,9.935550000000001
2024121502,1523,54468,5,43.25995000000001,9.935550000000001
2024121502,1523,54468,6,43.25995000000001,9.935550000000001
2024121502,1523,54468,7,43.25995000000001,9.935550000000001
2024121502,1523,54468,8,43.25995000000001,9.935550000000001
2024121502,1523,54468,9,43.25995000000001,9.935550000000001
2024121502,1523,54468,10,43.25995000000001,9.935550000000001
2024121502,1523,54468,11,43.25995000000001,9.935550000000001
2024121502,1523,54468,12,43.25995000000001,9.935550000000001
2024121502,1523,56121,1,43.25995000000001,9.935550000000001
2024121502,1523,56121,2,43.25995000000001,9.935550000000001
2024121502,1523,56121,3,43.25995000000001,9.935550000000001
2024121502,1523,56121,4,43.25995000000001,9.935550000000001
2024121502,1523,56121,5,43.25995000000001,9.935550000000001
2024121502,1523,56121,6,43.25995000000001,9.935550000000001
2024121502,1523,56121,7,43.25995000000001,9.935550000000001
2024121502,1523,56121,8,43.25995000000001,9.935550000000001
2024121502,1523,56121,9,43.25995000000001,9.935550000000001
2024121502,1523,56121,10,43.25995000000001,9.935550000000001
2024121502,1523,56121,11,43.25995000000001,9.935550000000001
2024121502,1523,56121,12,43.25995000000001,9.935550000000001
2024121502,1649,57199,1,43.25995000000001,9.935550000000001
2024121502,1649,57199,2,43.25995000000001,9.935550000000001
2024121502,1649,57199,3,43.25995000000001,9.935550000000001
2024121502,1649,57199,4,43.25995000000001,9.935550000000001
2024121502,1649,57199,5,43.25995000000001,9.935550000000001
2024121502,1649,57199,6,43.25995000000001,9.935550000000001
2024121502,1649,57199,7,43.25995000000001,9.935550000000001
2024121502,1649,57199,8,43.25995000000001,9.935550000000001
2024121502,1649,57199,9,43.25995000000001,9.935550000000001
2024121502,1649,57199,10,43.25995000000001,9.935550000000001
2024121502,1649,57199,11,43.25995000000001,9.935550000000001
2024121502,1649,54540,1,43.25995000000001,9.935550000000001
2024121502,1649,54540,2,43.25995000000001,9.935550000000001
2024121502,1649,54540,3,43.25995000000001,9.935550000000001
2024121502,1649,54540,4,43.25995000000001,9.935550000000001
2024121502,1649,54540,5,43.25995000000001,9.935550000000001
2024121502,1649,54540,6,43.25995000000001,9.935550000000001
2024121502,1649,54540,7,43.25995000000001,9.935550000000001
2024121502,1649,54540,8,43.25995000000001,9.935550000000001
2024121502,1649,54540,9,43.25995000000001,9.935550000000001
2024121502,1649,54540,10,43.25995000000001,9.935550000000001
2024121502,1649,54540,11,43.25995000000001,9.935550000000001
2024121502,1649,54468,1,43.25995000000001,9.935550000000001
2024121502,1649,54468,2,43.25995000000001,9.935550000000001
2024121502,1649,54468,3,43.25995000000001,9.935550000000001
2024121502,1649,54468,4,43.25995000000001,9.935550000000001
2024121502,1649,54468,5,43.25995000000001,9.935550000000001
2024121502,1649,54468,6,43.25995000000001,9.935550000000001
2024121502,1649,54468,7,43.25995000000001,9.935550000000001
2024121502,1649,54468,8,43.25995000000001,9.935550000000001
2024121502,1649,54468,9,43.25995000000001,9.935550000000001
2024121502,1649,54468,10,43.25995000000001,9.935550000000001
2024121502,1649,54468,11,43.25995000000001,9.935550000000001
2024121502,1649,43395,1,43.25995000000001,9.935550000000001
2024121502,1649,43395,2,43.25995000000001,9.935550000000001
2024121502,1649,43395,3,43.25995000000001,9.935550000000001
2024121502,1649,43395,4,43.25995000000001,9.935550000000001
2024121502,1649,43395,5,43.25995000000001,9.935550000000001
2024121502,1649,43395,6,43.25995000000001,9.935550000000001
2024121502,1649,43395,7,43.25995000000001,9.935550000000001
2024121502,1649,43395,8,43.25995000000001,9.935550000000001
2024121502,1649,43395,9,43.25995000000001,9.935550000000001
2024121502,1649,43395,10,43.25995000000001,9.935550000000001
2024121502,1649,43395,11,43.25995000000001,9.935550000000001
2024121502,1649,44912,1,43.25995000000001,9.935550000000001
2024121502,1649,44912,2,43.25995000000001,9.935550000000001
2024121502,1649,44912,3,43.25995000000001,9.935550000000001
2024121502,1649,44912,4,43.25995000000001,9.935550000000001
2024121502,1649,44912,5,43.25995000000001,9.935550000000001
2024121502,1649,44912,6,43.25995000000001,9.935550000000001
2024121502,1649,44912,7,43.25995000000001,9.935550000000001
2024121502,1649,44912,8,43.25995000000001,9.935550000000001
2024121502,1649,44912,9,43.25995000000001,9.935550000000001
2024121502,1649,44912,10,43.25995000000001,9.935550000000001
2024121502,1649,44912,11,43.25995000000001,9.935550000000001
2024121502,1672,54540,1,43.25995000000001,9.935550000000001
2024121502,1672,54540,2,43.25995000000001,9.935550000000001
2024121502,1672,54540,3,43.25995000000001,9.935550000000001
2024121502,1672,54540,4,43.25995000000001,9.935550000000001
2024121502,1672,54540,5,43.25995000000001,9.935550000000001
2024121502,1672,54540,6,43.25995000000001,9.935550000000001
2024121502,1672,54540,7,43.25995000000001,9.935550000000001
2024121502,1672,54540,8,43.25995000000001,9.935550000000001
2024121502,1672,54540,9,43.25995000000001,9.935550000000001
2024121502,1672,54468,1,43.25995000000001,9.935550000000001
2024121502,1672,54468,2,43.25995000000001,9.935550000000001
2024121502,1672,54468,3,43.25995000000001,9.935550000000001
2024121502,1672,54468,4,43.25995000000001,9.935550000000001
2024121502,1672,54468,5,43.25995000000001,9.935550000000001
2024121502,1672,54468,6,43.25995000000001,9.935550000000001
2024121502,1672,54468,7,43.25995000000001,9.935550000000001
2024121502,1672,54468,8,43.25995000000001,9.935550000000001
2024121502,1672,54468,9,43.25995000000001,9.935550000000001
2024121502,1672,55949,1,43.25995000000001,9.935550000000001
2024121502,1672,55949,2,43.25995000000001,9.935550000000001
2024121502,1672,55949,3,43.25995000000001,9.935550000000001
2024121502,1672,55949,4,43.25995000000001,9.935550000000001
2024121502,1672,55949,5,43.25995000000001,9.935550000000001
2024121502,1672,55949,6,43.25995000000001,9.935550000000001
2024121502,1672,55949,7,43.25995000000001,9.935550000000001
2024121502,1672,55949,8,43.25995000000001,9.935550000000001
2024121502,1672,55949,9,43.25995000000001,9.935550000000001
2024121502,1757,44974,1,43.25995000000001,9.935550000000001
2024121502,1757,44974,2,43.25995000000001,9.935550000000001
2024121502,1757,44974,3,43.25995000000001,9.935550000000001
2024121502,1757,44974,4,43.25995000000001,9.935550000000001
2024121502,1757,44974,5,43.25995000000001,9.935550000000001
2024121502,1757,44974,6,43.25995000000001,9.935550000000001
2024121502,1757,44974,7,43.25995000000001,9.935550000000001
2024121502,1757,44974,8,43.25995000000001,9.935550000000001
2024121502,1757,46206,1,43.25995000000001,9.935550000000001
2024121502,1757,46206,2,43.25995000000001,9.935550000000001
2024121502,1757,46206,3,43.25995000000001,9.935550000000001
2024121502,1757,46206,4,43.25995000000001,9.935550000000001
2024121502,1757,46206,5,43.25995000000001,9.935550000000001
2024121502,1757,46206,6,43.25995000000001,9.935550000000001
2024121502,1757,46206,7,43.25995000000001,9.935550000000001
2024121502,1757,46206,8,43.25995000000001,9.935550000000001
2024121502,1787,53465,1,43.25995000000001,9.935550000000001
2024121502,1787,53465,2,43.25995000000001,9.935550000000001
2024121502,1787,53465,3,43.25995000000001,9.935550000000001
2024121502,1787,53465,4,43.25995000000001,9.935550000000001
2024121502,1787,53465,5,43.25995000000001,9.935550000000001
2024121502,1787,53465,6,43.25995000000001,9.935550000000001
2024121502,1787,53465,7,43.25995000000001,9.935550000000001
2024121502,1787,54936,1,43.25995000000001,9.935550000000001
2024121502,1787,54936,2,43.25995000000001,9.935550000000001
2024121502,1787,54936,3,43.25995000000001,9.935550000000001
2024121502,1787,54936,4,43.25995000000001,9.935550000000001
2024121502,1787,54936,5,43.25995000000001,9.935550000000001
2024121502,1787,54936,6,43.25995000000001,9.935550000000001
2024121502,1787,54936,7,43.25995000000001,9.935550000000001
2024121502,1787,46206,1,43.25995000000001,9.935550000000001
2024121502,1787,46206,2,43.25995000000001,9.935550000000001
2024121502,1787,46206,3,43.25995000000001,9.935550000000001
2024121502,1787,46206,4,43.25995000000001,9.935550000000001
2024121502,1787,46206,5,43.25995000000001,9.935550000000001
2024121502,1787,46206,6,43.25995000000001,9.935550000000001
2024121502,1787,46206,7,43.25995000000001,9.935550000000001
2024121502,1813,43321,1,43.25995000000001,9.935550000000001
2024121502,1813,43321,2,43.25995000000001,9.935550000000001
2024121502,1813,43321,3,43.25995000000001,9.935550000000001
2024121502,1813,43321,4,43.25995000000001,9.935550000000001
2024121502,1813,43321,5,43.25995000000001,9.935550000000001
2024121502,1813,43321,6,43.25995000000001,9.935550000000001
2024121502,1813,43321,7,43.25995000000001,9.935550000000001
2024121502,1813,43321,8,43.25995000000001,9.935550000000001
2024121502,1813,52435,1,43.25995000000001,9.935550000000001
2024121502,1813,52435,2,43.25995000000001,9.935550000000001
2024121502,1813,52435,3,43.25995000000001,9.935550000000001
2024121502,1813,52435,4,43.25995000000001,9.935550000000001
2024121502,1813,52435,5,43.25995000000001,9.935550000000001
2024121502,1813,52435,6,43.25995000000001,9.935550000000001
2024121502,1813,52435,7,43.25995000000001,9.935550000000001
2024121502,1813,52435,8,43.25995000000001,9.935550000000001
2024121502,1813,54509,1,43.25995000000001,9.935550000000001
2024121502,1813,54509,2,43.25995000000001,9.935550000000001
2024121502,1813,54509,3,43.25995000000001,9.935550000000001
2024121502,1813,54509,4,43.25995000000001,9.935550000000001
2024121502,1813,54509,5,43.25995000000001,9.935550000000001
2024121502,1813,54509,6,43.25995000000001,9.935550000000001
2024121502,1813,54509,7,43.25995000000001,9.935550000000001
2024121502,1813,54509,8,43.25995000000001,9.935550000000001
2024121502,1976,57199,1,43.25995000000001,9.935550000000001
2024121502,1976,57199,2,43.25995000000001,9.935550000000001
2024121502,1976,57199,3,43.25995000000001,9.935550000000001
2024121502,1976,57199,4,43.25995000000001,9.935550000000001
2024121502,1976,57199,5,43.25995000000001,9.935550000000001
2024121502,1976,57199,6,43.25995000000001,9.935550000000001
2024121502,1976,57199,7,43.25995000000001,9.935550000000001
2024121502,1976,57199,8,43.25995000000001,9.935550000000001
2024121502,1976,57199,9,43.25995000000001,9.935550000000001
2024121502,1976,57199,10,43.25995000000001,9.935550000000001
2024121502,1976,57199,11,43.25995000000001,9.935550000000001
2024121502,1976,54540,1,43.25995000000001,9.935550000000001
2024121502,1976,54540,2,43.25995000000001,9.935550000000001
2024121502,1976,54540,3,43.25995000000001,9.935550000000001
2024121502,1976,54540,4,43.25995000000001,9.935550000000001
2024121502,1976,54540,5,43.25995000000001,9.935550000000001
2024121502,1976,54540,6,43.25995000000001,9.935550000000001
2024121502,1976,54540,7,43.25995000000001,9.935550000000001
2024121502,1976,54540,8,43.25995000000001,9.935550000000001
2024121502,1976,54540,9,43.25995000000001,9.935550000000001
2024121502,1976,54540,10,43.25995000000001,9.935550000000001
2024121502,1976,54540,11,43.25995000000001,9.935550000000001
2024121502,1976,56032,1,43.25995000000001,9.935550000000001
2024121502,1976,56032,2,43.25995000000001,9.935550000000001
2024121502,1976,56032,3,43.25995000000001,9.935550000000001
2024121502,1976,56032,4,43.25995000000001,9.935550000000001
2024121502,1976,56032,5,43.25995000000001,9.935550000000001
2024121502,1976,56032,6,43.25995000000001,9.935550000000001
2024121502,1976,56032,7,43.25995000000001,9.935550000000001
2024121502,1976,56032,8,43.25995000000001,9.935550000000001
2024121502,1976,56032,9,43.25995000000001,9.935550000000001
2024121502,1976,56032,10,43.25995000000001,9.935550000000001
2024121502,1976,56032,11,43.25995000000001,9.935550000000001
2024121502,1976,57163,1,43.25995000000001,9.935550000000001
2024121502,1976,57163,2,43.25995000000001,9.935550000000001
2024121502,1976,57163,3,43.25995000000001,9.935550000000001
2024121502,1976,57163,4,43.25995000000001,9.935550000000001
2024121502,1976,57163,5,43.25995000000001,9.935550000000001
2024121502,1976,57163,6,43.25995000000001,9.935550000000001
2024121502,1976,57163,7,43.25995000000001,9.935550000000001
2024121502,1976,57163,8,43.25995000000001,9.935550000000001
2024121502,1976,57163,9,43.25995000000001,9.935550000000001
2024121502,1976,57163,10,43.25995000000001,9.935550000000001
2024121502,1976,57163,11,43.25995000000001,9.935550000000001
2024121502,1976,43454,1,43.25995000000001,9.935550000000001
2024121502,1976,43454,2,43.25995000000001,9.935550000000001
2024121502,1976,43454,3,43.25995000000001,9.935550000000001
2024121502,1976,43454,4,43.25995000000001,9.935550000000001
2024121502,1976,43454,5,43.25995000000001,9.935550000000001
2024121502,1976,43454,6,43.25995000000001,9.935550000000001
2024121502,1976,43454,7,43.25995000000001,9.935550000000001
2024121502,1976,43454,8,43.25995000000001,9.935550000000001
2024121502,1976,43454,9,43.25995000000001,9.935550000000001
2024121502,1976,43454,10,43.25995000000001,9.935550000000001
2024121502,1976,43454,11,43.25995000000001,9.935550000000001
2024121502,2039,54936,1,43.25995000000001,9.935550000000001
2024121502,2039,54936,2,43.25995000000001,9.935550000000001
2024121502,2039,54936,3,43.25995000000001,9.935550000000001
2024121502,2039,54936,4,43.25995000000001,9.935550000000001
2024121502,2039,54936,5,43.25995000000001,9.935550000000001
2024121502,2039,54936,6,43.25995000000001,9.935550000000001
2024121502,2039,54936,7,43.25995000000001,9.935550000000001
2024121502,2039,54936,8,43.25995000000001,9.935550000000001
2024121502,2039,54936,9,43.25995000000001,9.935550000000001
2024121502,2039,54936,10,43.25995000000001,9.935550000000001
2024121502,2039,54936,11,43.25995000000001,9.935550000000001
2024121502,2039,54936,12,43.25995000000001,9.935550000000001
2024121502,2039,54936,13,43.25995000000001,9.935550000000001
2024121502,2039,43373,1,43.25995000000001,9.935550000000001
2024121502,2039,43373,2,43.25995000000001,9.935550000000001
2024121502,2039,43373,3,43.25995000000001,9.935550000000001
2024121502,2039,43373,4,43.25995000000001,9.935550000000001
2024121502,2039,43373,5,43.25995000000001,9.935550000000001
2024121502,2039,43373,6,43.25995000000001,9.935550000000001
2024121502,2039,43373,7,43.25995000000001,9.935550000000001
2024121502,2039,43373,8,43.25995000000001,9.935550000000001
2024121502,2039,43373,9,43.25995000000001,9.935550000000001
2024121502,2039,43373,10,43.25995000000001,9.935550000000001
2024121502,2039,43373,11,43.25995000000001,9.935550000000001
2024121502,2039,43373,12,43.25995000000001,9.935550000000001
2024121502,2039,43373,13,43.25995000000001,9.935550000000001
2024121502,2039,54509,1,43.25995000000001,9.935550000000001
2024121502,2039,54509,2,43.25995000000001,9.935550000000001
2024121502,2039,54509,3,43.25995000000001,9.935550000000001
2024121502,2039,54509,4,43.25995000000001,9.935550000000001
2024121502,2039,54509,5,43.25995000000001,9.935550000000001
2024121502,2039,54509,6,43.25995000000001,9.935550000000001
2024121502,2039,54509,7,43.25995000000001,9.935550000000001
2024121502,2039,54509,8,43.25995000000001,9.935550000000001
2024121502,2039,54509,9,43.25995000000001,9.935550000000001
2024121502,2039,54509,10,43.25995000000001,9.935550000000001
2024121502,2039,54509,11,43.25995000000001,9.935550000000001
2024121502,2039,54509,12,43.25995000000001,9.935550000000001
2024121502,2039,54509,13,43.25995000000001,9.935550000000001
2024121502,2171,53465,1,43.25995000000001,9.935550000000001
2024121502,2171,53465,2,43.25995000000001,9.935550000000001
2024121502,2171,53465,3,43.25995000000001,9.935550000000001
2024121502,2171,53465,4,43.25995000000001,9.935550000000001
2024121502,2171,53465,5,43.25995000000001,9.935550000000001
2024121502,2171,53465,6,43.25995000000001,9.935550000000001
2024121502,2171,53465,7,43.25995000000001,9.935550000000001
2024121502,2171,53465,8,43.25995000000001,9.935550000000001
2024121502,2171,55934,1,43.25995000000001,9.935550000000001
2024121502,2171,55934,2,43.25995000000001,9.935550000000001
2024121502,2171,55934,3,43.25995000000001,9.935550000000001
2024121502,2171,55934,4,43.25995000000001,9.935550000000001
2024121502,2171,55934,5,43.25995000000001,9.935550000000001
2024121502,2171,55934,6,43.25995000000001,9.935550000000001
2024121502,2171,55934,7,43.25995000000001,9.935550000000001
2024121502,2171,55934,8,43.25995000000001,9.935550000000001
2024121502,2196,44860,1,43.25995000000001,9.935550000000001
2024121502,2196,44860,2,43.25995000000001,9.935550000000001
2024121502,2196,44860,3,43.25995000000001,9.935550000000001
2024121502,2196,44860,4,43.25995000000001,9.935550000000001
2024121502,2196,44860,5,43.25995000000001,9.935550000000001
2024121502,2196,44860,6,43.25995000000001,9.935550000000001
2024121502,2196,44860,7,43.25995000000001,9.935550000000001
2024121502,2196,44860,8,43.25995000000001,9.935550000000001
2024121502,2221,46501,1,43.25995000000001,9.935550000000001
2024121502,2221,46501,2,43.25995000000001,9.935550000000001
2024121502,2221,46501,3,43.25995000000001,9.935550000000001
2024121502,2221,46501,4,43.25995000000001,9.935550000000001
2024121502,2221,46501,5,43.25995000000001,9.935550000000001
2024121502,2221,46501,6,43.25995000000001,9.935550000000001
2024121502,2221,46501,7,43.25995000000001,9.935550000000001
2024121502,2221,46501,8,43.25995000000001,9.935550000000001
2024121502,2221,46501,9,43.25995000000001,9.935550000000001
2024121502,2221,46501,10,43.25995000000001,9.935550000000001
2024121502,2221,46501,11,43.25995000000001,9.935550000000001
2024121502,2221,46501,12,43.25995000000001,9.935550000000001
2024121502,2221,46501,13,43.25995000000001,9.935550000000001
2024121502,2221,46501,14,43.25995000000001,9.935550000000001
2024121502,2221,53465,1,43.25995000000001,9.935550000000001
2024121502,2221,53465,2,43.25995000000001,9.935550000000001
2024121502,2221,53465,3,43.25995000000001,9.935550000000001
2024121502,2221,53465,4,43.25995000000001,9.935550000000001
2024121502,2221,53465,5,43.25995000000001,9.935550000000001
2024121502,2221,53465,6,43.25995000000001,9.935550000000001
2024121502,2221,53465,7,43.25995000000001,9.935550000000001
2024121502,2221,53465,8,43.25995000000001,9.935550000000001
2024121502,2221,53465,9,43.25995000000001,9.935550000000001
2024121502,2221,53465,10,43.25995000000001,9.935550000000001
2024121502,2221,53465,11,43.25995000000001,9.935550000000001
2024121502,2221,53465,12,43.25995000000001,9.935550000000001
2024121502,2221,53465,13,43.25995000000001,9.935550000000001
2024121502,2221,53465,14,43.25995000000001,9.935550000000001
2024121502,2221,43373,1,43.25995000000001,9.935550000000001
2024121502,2221,43373,2,43.25995000000001,9.935550000000001
2024121502,2221,43373,3,43.25995000000001,9.935550000000001
2024121502,2221,43373,4,43.25995000000001,9.935550000000001
2024121502,2221,43373,5,43.25995000000001,9.935550000000001
2024121502,2221,43373,6,43.25995000000001,9.935550000000001
2024121502,2221,43373,7,43.25995000000001,9.935550000000001
2024121502,2221,43373,8,43.25995000000001,9.935550000000001
2024121502,2221,43373,9,43.25995000000001,9.935550000000001
2024121502,2221,43373,10,43.25995000000001,9.935550000000001
2024121502,2221,43373,11,43.25995000000001,9.935550000000001
2024121502,2221,43373,12,43.25995000000001,9.935550000000001
2024121502,2221,43373,13,43.25995000000001,9.935550000000001
2024121502,2221,43373,14,43.25995000000001,9.935550000000001
2024121502,2221,53518,1,43.25995000000001,9.935550000000001
2024121502,2221,53518,2,43.25995000000001,9.935550000000001
2024121502,2221,53518,3,43.25995000000001,9.935550000000001
2024121502,2221,53518,4,43.25995000000001,9.935550000000001
2024121502,2221,53518,5,43.25995000000001,9.935550000000001
2024121502,2221,53518,6,43.25995000000001,9.935550000000001
2024121502,2221,53518,7,43.25995000000001,9.935550000000001
2024121502,2221,53518,8,43.25995000000001,9.935550000000001
2024121502,2221,53518,9,43.25995000000001,9.935550000000001
2024121502,2221,53518,10,43.25995000000001,9.935550000000001
2024121502,2221,53518,11,43.25995000000001,9.935550000000001
2024121502,2221,53518,12,43.25995000000001,9.935550000000001
2024121502,2221,53518,13,43.25995000000001,9.935550000000001
2024121502,2221,53518,14,43.25995000000001,9.935550000000001
2024121502,2244,44974,1,43.25995000000001,9.935550000000001
2024121502,2244,44974,2,43.25995000000001,9.935550000000001
2024121502,2244,44974,3,43.25995000000001,9.935550000000001
2024121502,2244,44974,4,43.25995000000001,9.935550000000001
2024121502,2244,44974,5,43.25995000000001,9.935550000000001
2024121502,2244,44974,6,43.25995000000001,9.935550000000001
2024121502,2244,44974,7,43.25995000000001,9.935550000000001
2024121502,2244,44974,8,43.25995000000001,9.935550000000001
2024121502,2244,44974,9,43.25995000000001,9.935550000000001
2024121502,2244,44974,10,43.25995000000001,9.935550000000001
2024121502,2244,44974,11,43.25995000000001,9.935550000000001
2024121502,2244,44974,12,43.25995000000001,9.935550000000001
2024121502,2244,44974,13,43.25995000000001,9.935550000000001
2024121502,2244,44974,14,43.25995000000001,9.935550000000001
2024121502,2244,44974,15,43.25995000000001,9.935550000000001
2024121502,2244,44974,16,43.25995000000001,9.935550000000001
2024121502,2244,44974,17,43.25995000000001,9.935550000000001
2024121502,2244,44974,18,43.25995000000001,9.935550000000001
2024121502,2244,43294,1,43.25995000000001,9.935550000000001
2024121502,2244,43294,2,43.25995000000001,9.935550000000001
2024121502,2244,43294,3,43.25995000000001,9.935550000000001
2024121502,2244,43294,4,43.25995000000001,9.935550000000001
2024121502,2244,43294,5,43.25995000000001,9.935550000000001
2024121502,2244,43294,6,43.25995000000001,9.935550000000001
2024121502,2244,43294,7,43.25995000000001,9.935550000000001
2024121502,2244,43294,8,43.25995000000001,9.935550000000001
2024121502,2244,43294,9,43.25995000000001,9.935550000000001
2024121502,2244,43294,10,43.25995000000001,9.935550000000001
2024121502,2244,43294,11,43.25995000000001,9.935550000000001
2024121502,2244,43294,12,43.25995000000001,9.935550000000001
2024121502,2244,43294,13,43.25995000000001,9.935550000000001
2024121502,2244,43294,14,43.25995000000001,9.935550000000001
2024121502,2244,43294,15,43.25995000000001,9.935550000000001
2024121502,2244,43294,16,43.25995000000001,9.935550000000001
2024121502,2244,43294,17,43.25995000000001,9.935550000000001
2024121502,2244,43294,18,43.25995000000001,9.935550000000001
2024121502,2244,40166,1,43.25995000000001,9.935550000000001
2024121502,2244,40166,2,43.25995000000001,9.935550000000001
2024121502,2244,40166,3,43.25995000000001,9.935550000000001
2024121502,2244,40166,4,43.25995000000001,9.935550000000001
2024121502,2244,40166,5,43.25995000000001,9.935550000000001
2024121502,2244,40166,6,43.25995000000001,9.935550000000001
2024121502,2244,40166,7,43.25995000000001,9.935550000000001
2024121502,2244,40166,8,43.25995000000001,9.935550000000001
2024121502,2244,40166,9,43.25995000000001,9.935550000000001
2024121502,2244,40166,10,43.25995000000001,9.935550000000001
2024121502,2244,40166,11,43.25995000000001,9.935550000000001
2024121502,2244,40166,12,43.25995000000001,9.935550000000001
2024121502,2244,40166,13,43.25995000000001,9.935550000000001
2024121502,2244,40166,14,43.25995000000001,9.935550000000001
2024121502,2244,40166,15,43.25995000000001,9.935550000000001
2024121502,2244,40166,16,43.25995000000001,9.935550000000001
2024121502,2244,40166,17,43.25995000000001,9.935550000000001
2024121502,2244,40166,18,43.25995000000001,9.935550000000001
2024121502,2244,54509,1,43.25995000000001,9.935550000000001
2024121502,2244,54509,2,43.25995000000001,9.935550000000001
2024121502,2244,54509,3,43.25995000000001,9.935550000000001
2024121502,2244,54509,4,43.25995000000001,9.935550000000001
2024121502,2244,54509,5,43.25995000000001,9.935550000000001
2024121502,2244,54509,6,43.25995000000001,9.935550000000001
2024121502,2244,54509,7,43.25995000000001,9.935550000000001
2024121502,2244,54509,8,43.25995000000001,9.935550000000001
2024121502,2244,54509,9,43.25995000000001,9.935550000000001
2024121502,2244,54509,10,43.25995000000001,9.935550000000001
2024121502,2244,54509,11,43.25995000000001,9.935550000000001
2024121502,2244,54509,12,43.25995000000001,9.935550000000001
2024121502,2244,54509,13,43.25995000000001,9.935550000000001
2024121502,2244,54509,14,43.25995000000001,9.935550000000001
2024121502,2244,54509,15,43.25995000000001,9.935550000000001
2024121502,2244,54509,16,43.25995000000001,9.935550000000001
2024121502,2244,54509,17,43.25995000000001,9.935550000000001
2024121502,2244,54509,18,43.25995000000001,9.935550000000001
2024121502,2347,44974,1,43.25995000000001,9.935550000000001
2024121502,2347,44974,2,43.25995000000001,9.935550000000001
2024121502,2347,44974,3,43.25995000000001,9.935550000000001
2024121502,2347,44974,4,43.25995000000001,9.935550000000001
2024121502,2347,44974,5,43.25995000000001,9.935550000000001
2024121502,2347,44974,6,43.25995000000001,9.935550000000001
2024121502,2347,44974,7,43.25995000000001,9.935550000000001
2024121502,2347,44974,8,43.25995000000001,9.935550000000001
2024121502,2347,44974,9,43.25995000000001,9.935550000000001
2024121502,2347,53465,1,43.25995000000001,9.935550000000001
2024121502,2347,53465,2,43.25995000000001,9.935550000000001
2024121502,2347,53465,3,43.25995000000001,9.935550000000001
2024121502,2347,53465,4,43.25995000000001,9.935550000000001
2024121502,2347,53465,5,43.25995000000001,9.935550000000001
2024121502,2347,53465,6,43.25995000000001,9.935550000000001
2024121502,2347,53465,7,43.25995000000001,9.935550000000001
2024121502,2347,53465,8,43.25995000000001,9.935550000000001
2024121502,2347,53465,9,43.25995000000001,9.935550000000001
2024121502,2347,54936,1,43.25995000000001,9.935550000000001
2024121502,2347,54936,2,43.25995000000001,9.935550000000001
2024121502,2347,54936,3,43.25995000000001,9.935550000000001
2024121502,2347,54936,4,43.25995000000001,9.935550000000001
2024121502,2347,54936,5,43.25995000000001,9.935550000000001
2024121502,2347,54936,6,43.25995000000001,9.935550000000001
2024121502,2347,54936,7,43.25995000000001,9.935550000000001
2024121502,2347,54936,8,43.25995000000001,9.935550000000001
2024121502,2347,54936,9,43.25995000000001,9.935550000000001
2024121502,2347,43373,1,43.25995000000001,9.935550000000001
2024121502,2347,43373,2,43.25995000000001,9.935550000000001
2024121502,2347,43373,3,43.25995000000001,9.935550000000001
2024121502,2347,43373,4,43.25995000000001,9.935550000000001
2024121502,2347,43373,5,43.25995000000001,9.935550000000001
2024121502,2347,43373,6,43.25995000000001,9.935550000000001
2024121502,2347,43373,7,43.25995000000001,9.935550000000001
2024121502,2347,43373,8,43.25995000000001,9.935550000000001
2024121502,2347,43373,9,43.25995000000001,9.935550000000001
2024121502,2347,53518,1,43.25995000000001,9.935550000000001
2024121502,2347,53518,2,43.25995000000001,9.935550000000001
2024121502,2347,53518,3,43.25995000000001,9.935550000000001
2024121502,2347,53518,4,43.25995000000001,9.935550000000001
2024121502,2347,53518,5,43.25995000000001,9.935550000000001
2024121502,2347,53518,6,43.25995000000001,9.935550000000001
2024121502,2347,53518,7,43.25995000000001,9.935550000000001
2024121502,2347,53518,8,43.25995000000001,9.935550000000001
2024121502,2347,53518,9,43.25995000000001,9.935550000000001
2024121502,2499,44912,1,43.25995000000001,9.935550000000001
2024121502,2499,44912,2,43.25995000000001,9.935550000000001
2024121502,2499,44912,3,43.25995000000001,9.935550000000001
2024121502,2499,44912,4,43.25995000000001,9.935550000000001
2024121502,2499,44912,5,43.25995000000001,9.935550000000001
2024121502,2499,44912,6,43.25995000000001,9.935550000000001
2024121502,2499,44912,7,43.25995000000001,9.935550000000001
2024121502,2499,44912,8,43.25995000000001,9.935550000000001
2024121502,2499,44912,9,43.25995000000001,9.935550000000001
2024121502,2618,41256,1,43.25995000000001,9.935550000000001
2024121502,2618,41256,2,43.25995000000001,9.935550000000001
2024121502,2618,41256,3,43.25995000000001,9.935550000000001
2024121502,2618,41256,4,43.25995000000001,9.935550000000001
2024121502,2618,41256,5,43.25995000000001,9.935550000000001
2024121502,2618,41256,6,43.25995000000001,9.935550000000001
2024121502,2618,41256,7,43.25995000000001,9.935550000000001
2024121502,2618,41256,8,43.25995000000001,9.935550000000001
2024121502,2618,55949,1,43.25995000000001,9.935550000000001
2024121502,2618,55949,2,43.25995000000001,9.935550000000001
2024121502,2618,55949,3,43.25995000000001,9.935550000000001
2024121502,2618,55949,4,43.25995000000001,9.935550000000001
2024121502,2618,55949,5,43.25995000000001,9.935550000000001
2024121502,2618,55949,6,43.25995000000001,9.935550000000001
2024121502,2618,55949,7,43.25995000000001,9.935550000000001
2024121502,2618,55949,8,43.25995000000001,9.935550000000001
2024121502,2724,57199,1,43.25995000000001,9.935550000000001
2024121502,2724,57199,2,43.25995000000001,9.935550000000001
2024121502,2724,57199,3,43.25995000000001,9.935550000000001
2024121502,2724,57199,4,43.25995000000001,9.935550000000001
2024121502,2724,57199,5,43.25995000000001,9.935550000000001
2024121502,2724,57199,6,43.25995000000001,9.935550000000001
2024121502,2724,57199,7,43.25995000000001,9.935550000000001
2024121502,2724,57199,8,43.25995000000001,9.935550000000001
2024121502,2724,57199,9,43.25995000000001,9.935550000000001
2024121502,2724,57199,10,43.25995000000001,9.935550000000001
2024121502,2724,57199,11,43.25995000000001,9.935550000000001
2024121502,2724,57199,12,43.25995000000001,9.935550000000001
2024121502,2724,57199,13,43.25995000000001,9.935550000000001
2024121502,2724,57199,14,43.25995000000001,9.935550000000001
2024121502,2724,54540,1,43.25995000000001,9.935550000000001
2024121502,2724,54540,2,43.25995000000001,9.935550000000001
2024121502,2724,54540,3,43.25995000000001,9.935550000000001
2024121502,2724,54540,4,43.25995000000001,9.935550000000001
2024121502,2724,54540,5,43.25995000000001,9.935550000000001
2024121502,2724,54540,6,43.25995000000001,9.935550000000001
2024121502,2724,54540,7,43.25995000000001,9.935550000000001
2024121502,2724,54540,8,43.25995000000001,9.935550000000001
2024121502,2724,54540,9,43.25995000000001,9.935550000000001
2024121502,2724,54540,10,43.25995000000001,9.935550000000001
2024121502,2724,54540,11,43.25995000000001,9.935550000000001
2024121502,2724,54540,12,43.25995000000001,9.935550000000001
2024121502,2724,54540,13,43.25995000000001,9.935550000000001
2024121502,2724,54540,14,43.25995000000001,9.935550000000001
2024121502,2724,54468,1,43.25995000000001,9.935550000000001
2024121502,2724,54468,2,43.25995000000001,9.935550000000001
2024121502,2724,54468,3,43.25995000000001,9.935550000000001
2024121502,2724,54468,4,43.25995000000001,9.935550000000001
2024121502,2724,54468,5,43.25995000000001,9.935550000000001
2024121502,2724,54468,6,43.25995000000001,9.935550000000001
2024121502,2724,54468,7,43.25995000000001,9.935550000000001
2024121502,2724,54468,8,43.25995000000001,9.935550000000001
2024121502,2724,54468,9,43.25995000000001,9.935550000000001
2024121502,2724,54468,10,43.25995000000001,9.935550000000001
2024121502,2724,54468,11,43.25995000000001,9.935550000000001
2024121502,2724,54468,12,43.25995000000001,9.935550000000001
2024121502,2724,54468,13,43.25995000000001,9.935550000000001
2024121502,2724,54468,14,43.25995000000001,9.935550000000001
2024121502,2724,43395,1,43.25995000000001,9.935550000000001
2024121502,2724,43395,2,43.25995000000001,9.935550000000001
2024121502,2724,43395,3,43.25995000000001,9.935550000000001
2024121502,2724,43395,4,43.25995000000001,9.935550000000001
2024121502,2724,43395,5,43.25995000000001,9.935550000000001
2024121502,2724,43395,6,43.25995000000001,9.935550000000001
2024121502,2724,43395,7,43.25995000000001,9.935550000000001
2024121502,2724,43395,8,43.25995000000001,9.935550000000001
2024121502,2724,43395,9,43.25995000000001,9.935550000000001
2024121502,2724,43395,10,43.25995000000001,9.935550000000001
2024121502,2724,43395,11,43.25995000000001,9.935550000000001
2024121502,2724,43395,12,43.25995000000001,9.935550000000001
2024121502,2724,43395,13,43.25995000000001,9.935550000000001
2024121502,2724,43395,14,43.25995000000001,9.935550000000001
2024121502,2724,56032,1,43.25995000000001,9.935550000000001
2024121502,2724,56032,2,43.25995000000001,9.935550000000001
2024121502,2724,56032,3,43.25995000000001,9.935550000000001
2024121502,2724,56032,4,43.25995000000001,9.935550000000001
2024121502,2724,56032,5,43.25995000000001,9.935550000000001
2024121502,2724,56032,6,43.25995000000001,9.935550000000001
2024121502,2724,56032,7,43.25995000000001,9.935550000000001
2024121502,2724,56032,8,43.25995000000001,9.935550000000001
2024121502,2724,56032,9,43.25995000000001,9.935550000000001
2024121502,2724,56032,10,43.25995000000001,9.935550000000001
2024121502,2724,56032,11,43.25995000000001,9.935550000000001
2024121502,2724,56032,12,43.25995000000001,9.935550000000001
2024121502,2724,56032,13,43.25995000000001,9.935550000000001
2024121502,2724,56032,14,43.25995000000001,9.935550000000001
2024121502,2724,41256,1,43.25995000000001,9.935550000000001
2024121502,2724,41256,2,43.25995000000001,9.935550000000001
2024121502,2724,41256,3,43.25995000000001,9.935550000000001
2024121502,2724,41256,4,43.25995000000001,9.935550000000001
2024121502,2724,41256,5,43.25995000000001,9.935550000000001
2024121502,2724,41256,6,43.25995000000001,9.935550000000001
2024121502,2724,41256,7,43.25995000000001,9.935550000000001
2024121502,2724,41256,8,43.25995000000001,9.935550000000001
2024121502,2724,41256,9,43.25995000000001,9.935550000000001
2024121502,2724,41256,10,43.25995000000001,9.935550000000001
2024121502,2724,41256,11,43.25995000000001,9.935550000000001
2024121502,2724,41256,12,43.25995000000001,9.935550000000001
2024121502,2724,41256,13,43.25995000000001,9.935550000000001
2024121502,2724,41256,14,43.25995000000001,9.935550000000001
2024121502,2724,43454,1,43.25995000000001,9.935550000000001
2024121502,2724,43454,2,43.25995000000001,9.935550000000001
2024121502,2724,43454,3,43.25995000000001,9.935550000000001
2024121502,2724,43454,4,43.25995000000001,9.935550000000001
2024121502,2724,43454,5,43.25995000000001,9.935550000000001
2024121502,2724,43454,6,43.25995000000001,9.935550000000001
2024121502,2724,43454,7,43.25995000000001,9.935550000000001
2024121502,2724,43454,8,43.25995000000001,9.935550000000001
2024121502,2724,43454,9,43.25995000000001,9.935550000000001
2024121502,2724,43454,10,43.25995000000001,9.935550000000001
2024121502,2724,43454,11,43.25995000000001,9.935550000000001
2024121502,2724,43454,12,43.25995000000001,9.935550000000001
2024121502,2724,43454,13,43.25995000000001,9.935550000000001
2024121502,2724,43454,14,43.25995000000001,9.935550000000001
2024121502,2796,54540,1,43.25995000000001,9.935550000000001
2024121502,2796,54540,2,43.25995000000001,9.935550000000001
2024121502,2796,54540,3,43.25995000000001,9.935550000000001
2024121502,2796,54540,4,43.25995000000001,9.935550000000001
2024121502,2796,54540,5,43.25995000000001,9.935550000000001
2024121502,2796,54540,6,43.25995000000001,9.935550000000001
2024121502,2796,54540,7,43.25995000000001,9.935550000000001
2024121502,2796,54540,8,43.25995000000001,9.935550000000001
2024121502,2796,54540,9,43.25995000000001,9.935550000000001
2024121502,2796,57163,1,43.25995000000001,9.935550000000001
2024121502,2796,57163,2,43.25995000000001,9.935550000000001
2024121502,2796,57163,3,43.25995000000001,9.935550000000001
2024121502,2796,57163,4,43.25995000000001,9.935550000000001
2024121502,2796,57163,5,43.25995000000001,9.935550000000001
2024121502,2796,57163,6,43.25995000000001,9.935550000000001
2024121502,2796,57163,7,43.25995000000001,9.935550000000001
2024121502,2796,57163,8,43.25995000000001,9.935550000000001
2024121502,2796,57163,9,43.25995000000001,9.935550000000001
2024121502,2796,42718,1,43.25995000000001,9.935550000000001
2024121502,2796,42718,2,43.25995000000001,9.935550000000001
2024121502,2796,42718,3,43.25995000000001,9.935550000000001
2024121502,2796,42718,4,43.25995000000001,9.935550000000001
2024121502,2796,42718,5,43.25995000000001,9.935550000000001
2024121502,2796,42718,6,43.25995000000001,9.935550000000001
2024121502,2796,42718,7,43.25995000000001,9.935550000000001
2024121502,2796,42718,8,43.25995000000001,9.935550000000001
2024121502,2796,42718,9,43.25995000000001,9.935550000000001
2024121502,2863,54468,1,43.25995000000001,9.935550000000001
2024121502,2863,54468,2,43.25995000000001,9.935550000000001
2024121502,2863,54468,3,43.25995000000001,9.935550000000001
2024121502,2863,54468,4,43.25995000000001,9.935550000000001
2024121502,2863,54468,5,43.25995000000001,9.935550000000001
2024121502,2863,54468,6,43.25995000000001,9.935550000000001
2024121502,2863,54468,7,43.25995000000001,9.935550000000001
2024121502,2863,54468,8,43.25995000000001,9.935550000000001
2024121502,2863,54468,9,43.25995000000001,9.935550000000001
2024121502,2863,54468,10,43.25995000000001,9.935550000000001
2024121502,2863,54468,11,43.25995000000001,9.935550000000001
2024121502,2863,54468,12,43.25995000000001,9.935550000000001
2024121502,2863,54468,13,43.25995000000001,9.935550000000001
2024121502,2863,54468,14,43.25995000000001,9.935550000000001
2024121502,2863,54468,15,43.25995000000001,9.935550000000001
2024121502,2863,56032,1,43.25995000000001,9.935550000000001
2024121502,2863,56032,2,43.25995000000001,9.935550000000001
2024121502,2863,56032,3,43.25995000000001,9.935550000000001
2024121502,2863,56032,4,43.25995000000001,9.935550000000001
2024121502,2863,56032,5,43.25995000000001,9.935550000000001
2024121502,2863,56032,6,43.25995000000001,9.935550000000001
2024121502,2863,56032,7,43.25995000000001,9.935550000000001
2024121502,2863,56032,8,43.25995000000001,9.935550000000001
2024121502,2863,56032,9,43.25995000000001,9.935550000000001
2024121502,2863,56032,10,43.25995000000001,9.935550000000001
2024121502,2863,56032,11,43.25995000000001,9.935550000000001
2024121502,2863,56032,12,43.25995000000001,9.935550000000001
2024121502,2863,56032,13,43.25995000000001,9.935550000000001
2024121502,2863,56032,14,43.25995000000001,9.935550000000001
2024121502,2863,56032,15,43.25995000000001,9.935550000000001
2024121502,2863,41256,1,43.25995000000001,9.935550000000001
2024121502,2863,41256,2,43.25995000000001,9.935550000000001
2024121502,2863,41256,3,43.25995000000001,9.935550000000001
2024121502,2863,41256,4,43.25995000000001,9.935550000000001
2024121502,2863,41256,5,43.25995000000001,9.935550000000001
2024121502,2863,41256,6,43.25995000000001,9.935550000000001
2024121502,2863,41256,7,43.25995000000001,9.935550000000001
2024121502,2863,41256,8,43.25995000000001,9.935550000000001
2024121502,2863,41256,9,43.25995000000001,9.935550000000001
2024121502,2863,41256,10,43.25995000000001,9.935550000000001
2024121502,2863,41256,11,43.25995000000001,9.935550000000001
2024121502,2863,41256,12,43.25995000000001,9.935550000000001
2024121502,2863,41256,13,43.25995000000001,9.935550000000001
2024121502,2863,41256,14,43.25995000000001,9.935550000000001
2024121502,2863,41256,15,43.25995000000001,9.935550000000001
2024121502,2863,44912,1,43.25995000000001,9.935550000000001
2024121502,2863,44912,2,43.25995000000001,9.935550000000001
2024121502,2863,44912,3,43.25995000000001,9.935550000000001
2024121502,2863,44912,4,43.25995000000001,9.935550000000001
2024121502,2863,44912,5,43.25995000000001,9.935550000000001
2024121502,2863,44912,6,43.25995000000001,9.935550000000001
2024121502,2863,44912,7,43.25995000000001,9.935550000000001
2024121502,2863,44912,8,43.25995000000001,9.935550000000001
2024121502,2863,44912,9,43.25995000000001,9.935550000000001
2024121502,2863,44912,10,43.25995000000001,9.935550000000001
2024121502,2863,44912,11,43.25995000000001,9.935550000000001
2024121502,2863,44912,12,43.25995000000001,9.935550000000001
2024121502,2863,44912,13,43.25995000000001,9.935550000000001
2024121502,2863,44912,14,43.25995000000001,9.935550000000001
2024121502,2863,44912,15,43.25995000000001,9.935550000000001
2024121502,2927,53465,1,43.25995000000001,9.935550000000001
2024121502,2927,53465,2,43.25995000000001,9.935550000000001
2024121502,2927,53465,3,43.25995000000001,9.935550000000001
2024121502,2927,53465,4,43.25995000000001,9.935550000000001
2024121502,2927,53465,5,43.25995000000001,9.935550000000001
2024121502,2927,53465,6,43.25995000000001,9.935550000000001
2024121502,2927,53465,7,43.25995000000001,9.935550000000001
2024121502,2927,53465,8,43.25995000000001,9.935550000000001
2024121502,2927,53465,9,43.25995000000001,9.935550000000001
2024121502,2927,43373,1,43.25995000000001,9.935550000000001
2024121502,2927,43373,2,43.25995000000001,9.935550000000001
2024121502,2927,43373,3,43.25995000000001,9.935550000000001
2024121502,2927,43373,4,43.25995000000001,9.935550000000001
2024121502,2927,43373,5,43.25995000000001,9.935550000000001
2024121502,2927,43373,6,43.25995000000001,9.935550000000001
2024121502,2927,43373,7,43.25995000000001,9.935550000000001
2024121502,2927,43373,8,43.25995000000001,9.935550000000001
2024121502,2927,43373,9,43.25995000000001,9.935550000000001
2024121502,2927,44860,1,43.25995000000001,9.935550000000001
2024121502,2927,44860,2,43.25995000000001,9.935550000000001
2024121502,2927,44860,3,43.25995000000001,9.935550000000001
2024121502,2927,44860,4,43.25995000000001,9.935550000000001
2024121502,2927,44860,5,43.25995000000001,9.935550000000001
2024121502,2927,44860,6,43.25995000000001,9.935550000000001
2024121502,2927,44860,7,43.25995000000001,9.935550000000001
2024121502,2927,44860,8,43.25995000000001,9.935550000000001
2024121502,2927,44860,9,43.25995000000001,9.935550000000001
2024121502,3042,55043,1,43.25995000000001,9.935550000000001
2024121502,3042,55043,2,43.25995000000001,9.935550000000001
2024121502,3042,55043,3,43.25995000000001,9.935550000000001
2024121502,3042,55043,4,43.25995000000001,9.935550000000001
2024121502,3042,55043,5,43.25995000000001,9.935550000000001
2024121502,3042,55043,6,43.25995000000001,9.935550000000001
2024121502,3042,55043,7,43.25995000000001,9.935550000000001
2024121502,3042,55043,8,43.25995000000001,9.935550000000001
2024121502,3042,55043,9,43.25995000000001,9.935550000000001
2024121502,3042,55043,10,43.25995000000001,9.935550000000001
2024121502,3042,57163,1,43.25995000000001,9.935550000000001
2024121502,3042,57163,2,43.25995000000001,9.935550000000001
2024121502,3042,57163,3,43.25995000000001,9.935550000000001
2024121502,3042,57163,4,43.25995000000001,9.935550000000001
2024121502,3042,57163,5,43.25995000000001,9.935550000000001
2024121502,3042,57163,6,43.25995000000001,9.935550000000001
2024121502,3042,57163,7,43.25995000000001,9.935550000000001
2024121502,3042,57163,8,43.25995000000001,9.935550000000001
2024121502,3042,57163,9,43.25995000000001,9.935550000000001
2024121502,3042,57163,10,43.25995000000001,9.935550000000001
2024121502,3042,44912,1,43.25995000000001,9.935550000000001
2024121502,3042,44912,2,43.25995000000001,9.935550000000001
2024121502,3042,44912,3,43.25995000000001,9.935550000000001
2024121502,3042,44912,4,43.25995000000001,9.935550000000001
2024121502,3042,44912,5,43.25995000000001,9.935550000000001
2024121502,3042,44912,6,43.25995000000001,9.935550000000001
2024121502,3042,44912,7,43.25995000000001,9.935550000000001
2024121502,3042,44912,8,43.25995000000001,9.935550000000001
2024121502,3042,44912,9,43.25995000000001,9.935550000000001
2024121502,3042,44912,10,43.25995000000001,9.935550000000001
2024121502,3089,56032,1,43.25995000000001,9.935550000000001
2024121502,3089,56032,2,43.25995000000001,9.935550000000001
2024121502,3089,56032,3,43.25995000000001,9.935550000000001
2024121502,3089,56032,4,43.25995000000001,9.935550000000001
2024121502,3089,56032,5,43.25995000000001,9.935550000000001
2024121502,3089,56032,6,43.25995000000001,9.935550000000001
2024121502,3089,56032,7,43.25995000000001,9.935550000000001
2024121502,3089,41256,1,43.25995000000001,9.935550000000001
2024121502,3089,41256,2,43.25995000000001,9.935550000000001
2024121502,3089,41256,3,43.25995000000001,9.935550000000001
2024121502,3089,41256,4,43.25995000000001,9.935550000000001
2024121502,3089,41256,5,43.25995000000001,9.935550000000001
2024121502,3089,41256,6,43.25995000000001,9.935550000000001
2024121502,3089,41256,7,43.25995000000001,9.935550000000001
2024121502,3089,46192,1,43.25995000000001,9.935550000000001
2024121502,3089,46192,2,43.25995000000001,9.935550000000001
2024121502,3089,46192,3,43.25995000000001,9.935550000000001
2024121502,3089,46192,4,43.25995000000001,9.935550000000001
2024121502,3089,46192,5,43.25995000000001,9.935550000000001
2024121502,3089,46192,6,43.25995000000001,9.935550000000001
2024121502,3089,46192,7,43.25995000000001,9.935550000000001
2024121502,3156,57199,1,43.25995000000001,9.935550000000001
2024121502,3156,57199,2,43.25995000000001,9.935550000000001
2024121502,3156,57199,3,43.25995000000001,9.935550000000001
2024121502,3156,57199,4,43.25995000000001,9.935550000000001
2024121502,3156,57199,5,43.25995000000001,9.935550000000001
2024121502,3156,57199,6,43.25995000000001,9.935550000000001
2024121502,3156,57199,7,43.25995000000001,9.935550000000001
2024121502,3156,57199,8,43.25995000000001,9.935550000000001
2024121502,3156,57199,9,43.25995000000001,9.935550000000001
2024121502,3156,57199,10,43.25995000000001,9.935550000000001
2024121502,3156,57199,11,43.25995000000001,9.935550000000001
2024121502,3156,57199,12,43.25995000000001,9.935550000000001
2024121502,3156,57199,13,43.25995000000001,9.935550000000001
2024121502,3156,54468,1,43.25995000000001,9.935550000000001
2024121502,3156,54468,2,43.25995000000001,9.935550000000001
2024121502,3156,54468,3,43.25995000000001,9.935550000000001
2024121502,3156,54468,4,43.25995000000001,9.935550000000001
2024121502,3156,54468,5,43.25995000000001,9.935550000000001
2024121502,3156,54468,6,43.25995000000001,9.935550000000001
2024121502,3156,54468,7,43.25995000000001,9.935550000000001
2024121502,3156,54468,8,43.25995000000001,9.935550000000001
2024121502,3156,54468,9,43.25995000000001,9.935550000000001
2024121502,3156,54468,10,43.25995000000001,9.935550000000001
2024121502,3156,54468,11,43.25995000000001,9.935550000000001
2024121502,3156,54468,12,43.25995000000001,9.935550000000001
2024121502,3156,54468,13,43.25995000000001,9.935550000000001
2024121502,3156,43454,1,43.25995000000001,9.935550000000001
2024121502,3156,43454,2,43.25995000000001,9.935550000000001
2024121502,3156,43454,3,43.25995000000001,9.935550000000001
2024121502,3156,43454,4,43.25995000000001,9.935550000000001
2024121502,3156,43454,5,43.25995000000001,9.935550000000001
2024121502,3156,43454,6,43.25995000000001,9.935550000000001
2024121502,3156,43454,7,43.25995000000001,9.935550000000001
2024121502,3156,43454,8,43.25995000000001,9.935550000000001
2024121502,3156,43454,9,43.25995000000001,9.935550000000001
2024121502,3156,43454,10,43.25995000000001,9.935550000000001
2024121502,3156,43454,11,43.25995000000001,9.935550000000001
2024121502,3156,43454,12,43.25995000000001,9.935550000000001
2024121502,3156,43454,13,43.25995000000001,9.935550000000001
2024121502,3244,43395,1,43.25995000000001,9.935550000000001
2024121502,3244,43395,2,43.25995000000001,9.935550000000001
2024121502,3244,43395,3,43.25995000000001,9.935550000000001
2024121502,3244,43395,4,43.25995000000001,9.935550000000001
2024121502,3244,43395,5,43.25995000000001,9.935550000000001
2024121502,3244,43395,6,43.25995000000001,9.935550000000001
2024121502,3244,43395,7,43.25995000000001,9.935550000000001
2024121502,3244,43395,8,43.25995000000001,9.935550000000001
2024121502,3244,43395,9,43.25995000000001,9.935550000000001
2024121502,3244,43395,10,43.25995000000001,9.935550000000001
2024121502,3244,43395,11,43.25995000000001,9.935550000000001
2024121502,3244,43395,12,43.25995000000001,9.935550000000001
2024121502,3244,41256,1,43.25995000000001,9.935550000000001
2024121502,3244,41256,2,43.25995000000001,9.935550000000001
2024121502,3244,41256,3,43.25995000000001,9.935550000000001
2024121502,3244,41256,4,43.25995000000001,9.935550000000001
2024121502,3244,41256,5,43.25995000000001,9.935550000000001
2024121502,3244,41256,6,43.25995000000001,9.935550000000001
2024121502,3244,41256,7,43.25995000000001,9.935550000000001
2024121502,3244,41256,8,43.25995000000001,9.935550000000001
2024121502,3244,41256,9,43.25995000000001,9.935550000000001
2024121502,3244,41256,10,43.25995000000001,9.935550000000001
2024121502,3244,41256,11,43.25995000000001,9.935550000000001
2024121502,3244,41256,12,43.25995000000001,9.935550000000001
2024121502,3244,57163,1,43.25995000000001,9.935550000000001
2024121502,3244,57163,2,43.25995000000001,9.935550000000001
2024121502,3244,57163,3,43.25995000000001,9.935550000000001
2024121502,3244,57163,4,43.25995000000001,9.935550000000001
2024121502,3244,57163,5,43.25995000000001,9.935550000000001
2024121502,3244,57163,6,43.25995000000001,9.935550000000001
2024121502,3244,57163,7,43.25995000000001,9.935550000000001
2024121502,3244,57163,8,43.25995000000001,9.935550000000001
2024121502,3244,57163,9,43.25995000000001,9.935550000000001
2024121502,3244,57163,10,43.25995000000001,9.935550000000001
2024121502,3244,57163,11,43.25995000000001,9.935550000000001
2024121502,3244,57163,12,43.25995000000001,9.935550000000001
2024121502,3244,57304,1,43.25995000000001,9.935550000000001
2024121502,3244,57304,2,43.25995000000001,9.935550000000001
2024121502,3244,57304,3,43.25995000000001,9.935550000000001
2024121502,3244,57304,4,43.25995000000001,9.935550000000001
2024121502,3244,57304,5,43.25995000000001,9.935550000000001
2024121502,3244,57304,6,43.25995000000001,9.935550000000001
2024121502,3244,57304,7,43.25995000000001,9.935550000000001
2024121502,3244,57304,8,43.25995000000001,9.935550000000001
2024121502,3244,57304,9,43.25995000000001,9.935550000000001
2024121502,3244,57304,10,43.25995000000001,9.935550000000001
2024121502,3244,57304,11,43.25995000000001,9.935550000000001
2024121502,3244,57304,12,43.25995000000001,9.935550000000001
2024121502,3267,56032,1,43.25995000000001,9.935550000000001
2024121502,3267,56032,2,43.25995000000001,9.935550000000001
2024121502,3267,56032,3,43.25995000000001,9.935550000000001
2024121502,3267,56032,4,43.25995000000001,9.935550000000001
2024121502,3267,56032,5,43.25995000000001,9.935550000000001
2024121502,3267,56032,6,43.25995000000001,9.935550000000001
2024121502,3267,56032,7,43.25995000000001,9.935550000000001
2024121502,3267,56032,8,43.25995000000001,9.935550000000001
2024121502,3267,56032,9,43.25995000000001,9.935550000000001
2024121502,3267,56032,10,43.25995000000001,9.935550000000001
2024121502,3267,56032,11,43.25995000000001,9.935550000000001
2024121502,3267,56032,12,43.25995000000001,9.935550000000001
2024121502,3267,52411,1,43.25995000000001,9.935550000000001
2024121502,3267,52411,2,43.25995000000001,9.935550000000001
2024121502,3267,52411,3,43.25995000000001,9.935550000000001
2024121502,3267,52411,4,43.25995000000001,9.935550000000001
2024121502,3267,52411,5,43.25995000000001,9.935550000000001
2024121502,3267,52411,6,43.25995000000001,9.935550000000001
2024121502,3267,52411,7,43.25995000000001,9.935550000000001
2024121502,3267,52411,8,43.25995000000001,9.935550000000001
2024121502,3267,52411,9,43.25995000000001,9.935550000000001
2024121502,3267,52411,10,43.25995000000001,9.935550000000001
2024121502,3267,52411,11,43.25995000000001,9.935550000000001
2024121502,3267,52411,12,43.25995000000001,9.935550000000001
2024121502,3267,57163,1,43.25995000000001,9.935550000000001
2024121502,3267,57163,2,43.25995000000001,9.935550000000001
2024121502,3267,57163,3,43.25995000000001,9.935550000000001
2024121502,3267,57163,4,43.25995000000001,9.935550000000001
2024121502,3267,57163,5,43.25995000000001,9.935550000000001
2024121502,3267,57163,6,43.25995000000001,9.935550000000001
2024121502,3267,57163,7,43.25995000000001,9.935550000000001
2024121502,3267,57163,8,43.25995000000001,9.935550000000001
2024121502,3267,57163,9,43.25995000000001,9.935550000000001
2024121502,3267,57163,10,43.25995000000001,9.935550000000001
2024121502,3267,57163,11,43.25995000000001,9.935550000000001
2024121502,3267,57163,12,43.25995000000001,9.935550000000001
2024121502,3267,44912,1,43.25995000000001,9.935550000000001
2024121502,3267,44912,2,43.25995000000001,9.935550000000001
2024121502,3267,44912,3,43.25995000000001,9.935550000000001
2024121502,3267,44912,4,43.25995000000001,9.935550000000001
2024121502,3267,44912,5,43.25995000000001,9.935550000000001
2024121502,3267,44912,6,43.25995000000001,9.935550000000001
2024121502,3267,44912,7,43.25995000000001,9.935550000000001
2024121502,3267,44912,8,43.25995000000001,9.935550000000001
2024121502,3267,44912,9,43.25995000000001,9.935550000000001
2024121502,3267,44912,10,43.25995000000001,9.935550000000001
2024121502,3267,44912,11,43.25995000000001,9.935550000000001
2024121502,3267,44912,12,43.25995000000001,9.935550000000001
2024121502,3324,56032,1,43.25995000000001,9.935550000000001
2024121502,3324,56032,2,43.25995000000001,9.935550000000001
2024121502,3324,56032,3,43.25995000000001,9.935550000000001
2024121502,3324,56032,4,43.25995000000001,9.935550000000001
2024121502,3324,56032,5,43.25995000000001,9.935550000000001
2024121502,3324,56032,6,43.25995000000001,9.935550000000001
2024121502,3324,56032,7,43.25995000000001,9.935550000000001
2024121502,3324,56032,8,43.25995000000001,9.935550000000001
2024121502,3324,56032,9,43.25995000000001,9.935550000000001
2024121502,3324,56032,10,43.25995000000001,9.935550000000001
2024121502,3324,56032,11,43.25995000000001,9.935550000000001
2024121502,3324,56032,12,43.25995000000001,9.935550000000001
2024121502,3324,56032,13,43.25995000000001,9.935550000000001
2024121502,3324,41256,1,43.25995000000001,9.935550000000001
2024121502,3324,41256,2,43.25995000000001,9.935550000000001
2024121502,3324,41256,3,43.25995000000001,9.935550000000001
2024121502,3324,41256,4,43.25995000000001,9.935550000000001
2024121502,3324,41256,5,43.25995000000001,9.935550000000001
2024121502,3324,41256,6,43.25995000000001,9.935550000000001
2024121502,3324,41256,7,43.25995000000001,9.935550000000001
2024121502,3324,41256,8,43.25995000000001,9.935550000000001
2024121502,3324,41256,9,43.25995000000001,9.935550000000001
2024121502,3324,41256,10,43.25995000000001,9.935550000000001
2024121502,3324,41256,11,43.25995000000001,9.935550000000001
2024121502,3324,41256,12,43.25995000000001,9.935550000000001
2024121502,3324,41256,13,43.25995000000001,9.935550000000001
2024121502,3324,57163,1,43.25995000000001,9.935550000000001
2024121502,3324,57163,2,43.25995000000001,9.935550000000001
2024121502,3324,57163,3,43.25995000000001,9.935550000000001
2024121502,3324,57163,4,43.25995000000001,9.935550000000001
2024121502,3324,57163,5,43.25995000000001,9.935550000000001
2024121502,3324,57163,6,43.25995000000001,9.935550000000001
2024121502,3324,57163,7,43.25995000000001,9.935550000000001
2024121502,3324,57163,8,43.25995000000001,9.935550000000001
2024121502,3324,57163,9,43.25995000000001,9.935550000000001
2024121502,3324,57163,10,43.25995000000001,9.935550000000001
2024121502,3324,57163,11,43.25995000000001,9.935550000000001
2024121502,3324,57163,12,43.25995000000001,9.935550000000001
2024121502,3324,57163,13,43.25995000000001,9.935550000000001
2024121502,3324,57304,1,43.25995000000001,9.935550000000001
2024121502,3324,57304,2,43.25995000000001,9.935550000000001
2024121502,3324,57304,3,43.25995000000001,9.935550000000001
2024121502,3324,57304,4,43.25995000000001,9.935550000000001
2024121502,3324,57304,5,43.25995000000001,9.935550000000001
2024121502,3324,57304,6,43.25995000000001,9.935550000000001
2024121502,3324,57304,7,43.25995000000001,9.935550000000001
2024121502,3324,57304,8,43.25995000000001,9.935550000000001
2024121502,3324,57304,9,43.25995000000001,9.935550000000001
2024121502,3324,57304,10,43.25995000000001,9.935550000000001
2024121502,3324,57304,11,43.25995000000001,9.935550000000001
2024121502,3324,57304,12,43.25995000000001,9.935550000000001
2024121502,3324,57304,13,43.25995000000001,9.935550000000001
2024121502,3349,54468,1,43.25995000000001,9.935550000000001
2024121502,3349,54468,2,43.25995000000001,9.935550000000001
2024121502,3349,54468,3,43.25995000000001,9.935550000000001
2024121502,3349,54468,4,43.25995000000001,9.935550000000001
2024121502,3349,54468,5,43.25995000000001,9.935550000000001
2024121502,3349,54468,6,43.25995000000001,9.935550000000001
2024121502,3349,54468,7,43.25995000000001,9.935550000000001
2024121502,3349,54468,8,43.25995000000001,9.935550000000001
2024121502,3349,54468,9,43.25995000000001,9.935550000000001
2024121502,3349,54468,10,43.25995000000001,9.935550000000001
2024121502,3349,54468,11,43.25995000000001,9.935550000000001
2024121502,3349,54468,12,43.25995000000001,9.935550000000001
2024121502,3349,54468,13,43.25995000000001,9.935550000000001
2024121502,3349,54468,14,43.25995000000001,9.935550000000001
2024121502,3349,54468,15,43.25995000000001,9.935550000000001
2024121502,3349,43395,1,43.25995000000001,9.935550000000001
2024121502,3349,43395,2,43.25995000000001,9.935550000000001
2024121502,3349,43395,3,43.25995000000001,9.935550000000001
2024121502,3349,43395,4,43.25995000000001,9.935550000000001
2024121502,3349,43395,5,43.25995000000001,9.935550000000001
2024121502,3349,43395,6,43.25995000000001,9.935550000000001
2024121502,3349,43395,7,43.25995000000001,9.935550000000001
2024121502,3349,43395,8,43.25995000000001,9.935550000000001
2024121502,3349,43395,9,43.25995000000001,9.935550000000001
2024121502,3349,43395,10,43.25995000000001,9.935550000000001
2024121502,3349,43395,11,43.25995000000001,9.935550000000001
2024121502,3349,43395,12,43.25995000000001,9.935550000000001
2024121502,3349,43395,13,43.25995000000001,9.935550000000001
2024121502,3349,43395,14,43.25995000000001,9.935550000000001
2024121502,3349,43395,15,43.25995000000001,9.935550000000001
2024121502,3349,41256,1,43.25995000000001,9.935550000000001
2024121502,3349,41256,2,43.25995000000001,9.935550000000001
2024121502,3349,41256,3,43.25995000000001,9.935550000000001
2024121502,3349,41256,4,43.25995000000001,9.935550000000001
2024121502,3349,41256,5,43.25995000000001,9.935550000000001
2024121502,3349,41256,6,43.25995000000001,9.935550000000001
2024121502,3349,41256,7,43.25995000000001,9.935550000000001
2024121502,3349,41256,8,43.25995000000001,9.935550000000001
2024121502,3349,41256,9,43.25995000000001,9.935550000000001
2024121502,3349,41256,10,43.25995000000001,9.935550000000001
2024121502,3349,41256,11,43.25995000000001,9.935550000000001
2024121502,3349,41256,12,43.25995000000001,9.935550000000001
2024121502,3349,41256,13,43.25995000000001,9.935550000000001
2024121502,3349,41256,14,43.25995000000001,9.935550000000001
2024121502,3349,41256,15,43.25995000000001,9.935550000000001
2024121502,3349,43454,1,43.25995000000001,9.935550000000001
2024121502,3349,43454,2,43.25995000000001,9.935550000000001
2024121502,3349,43454,3,43.25995000000001,9.935550000000001
2024121502,3349,43454,4,43.25995000000001,9.935550000000001
2024121502,3349,43454,5,43.25995000000001,9.935550000000001
2024121502,3349,43454,6,43.25995000000001,9.935550000000001
2024121502,3349,43454,7,43.25995000000001,9.935550000000001
2024121502,3349,43454,8,43.25995000000001,9.935550000000001
2024121502,3349,43454,9,43.25995000000001,9.935550000000001
2024121502,3349,43454,10,43.25995000000001,9.935550000000001
2024121502,3349,43454,11,43.25995000000001,9.935550000000001
2024121502,3349,43454,12,43.25995000000001,9.935550000000001
2024121502,3349,43454,13,43.25995000000001,9.935550000000001
2024121502,3349,43454,14,43.25995000000001,9.935550000000001
2024121502,3349,43454,15,43.25995000000001,9.935550000000001
2024121502,3381,43294,1,43.25995000000001,9.935550000000001
2024121502,3381,43294,2,43.25995000000001,9.935550000000001
2024121502,3381,43294,3,43.25995000000001,9.935550000000001
2024121502,3381,43294,4,43.25995000000001,9.935550000000001
2024121502,3381,43294,5,43.25995000000001,9.935550000000001
2024121502,3381,43294,6,43.25995000000001,9.935550000000001
2024121502,3381,43294,7,43.25995000000001,9.935550000000001
2024121502,3381,43294,8,43.25995000000001,9.935550000000001
2024121502,3381,43294,9,43.25995000000001,9.935550000000001
2024121502,3381,43294,10,43.25995000000001,9.935550000000001
2024121502,3381,52435,1,43.25995000000001,9.935550000000001
2024121502,3381,52435,2,43.25995000000001,9.935550000000001
2024121502,3381,52435,3,43.25995000000001,9.935550000000001
2024121502,3381,52435,4,43.25995000000001,9.935550000000001
2024121502,3381,52435,5,43.25995000000001,9.935550000000001
2024121502,3381,52435,6,43.25995000000001,9.935550000000001
2024121502,3381,52435,7,43.25995000000001,9.935550000000001
2024121502,3381,52435,8,43.25995000000001,9.935550000000001
2024121502,3381,52435,9,43.25995000000001,9.935550000000001
2024121502,3381,52435,10,43.25995000000001,9.935550000000001
2024121502,3381,44860,1,43.25995000000001,9.935550000000001
2024121502,3381,44860,2,43.25995000000001,9.935550000000001
2024121502,3381,44860,3,43.25995000000001,9.935550000000001
2024121502,3381,44860,4,43.25995000000001,9.935550000000001
2024121502,3381,44860,5,43.25995000000001,9.935550000000001
2024121502,3381,44860,6,43.25995000000001,9.935550000000001
2024121502,3381,44860,7,43.25995000000001,9.935550000000001
2024121502,3381,44860,8,43.25995000000001,9.935550000000001
2024121502,3381,44860,9,43.25995000000001,9.935550000000001
2024121502,3381,44860,10,43.25995000000001,9.935550000000001
2024121502,3515,54936,1,43.25995000000001,9.935550000000001
2024121502,3515,54936,2,43.25995000000001,9.935550000000001
2024121502,3515,54936,3,43.25995000000001,9.935550000000001
2024121502,3515,54936,4,43.25995000000001,9.935550000000001
2024121502,3515,54936,5,43.25995000000001,9.935550000000001
2024121502,3515,54936,6,43.25995000000001,9.935550000000001
2024121502,3515,54936,7,43.25995000000001,9.935550000000001
2024121502,3515,54936,8,43.25995000000001,9.935550000000001
2024121502,3515,54936,9,43.25995000000001,9.935550000000001
2024121502,3515,54936,10,43.25995000000001,9.935550000000001
2024121502,3515,54936,11,43.25995000000001,9.935550000000001
2024121502,3515,54936,12,43.25995000000001,9.935550000000001
2024121502,3515,54936,13,43.25995000000001,9.935550000000001
2024121502,3515,43373,1,43.25995000000001,9.935550000000001
2024121502,3515,43373,2,43.25995000000001,9.935550000000001
2024121502,3515,43373,3,43.25995000000001,9.935550000000001
2024121502,3515,43373,4,43.25995000000001,9.935550000000001
2024121502,3515,43373,5,43.25995000000001,9.935550000000001
2024121502,3515,43373,6,43.25995000000001,9.935550000000001
2024121502,3515,43373,7,43.25995000000001,9.935550000000001
2024121502,3515,43373,8,43.25995000000001,9.935550000000001
2024121502,3515,43373,9,43.25995000000001,9.935550000000001
2024121502,3515,43373,10,43.25995000000001,9.935550000000001
2024121502,3515,43373,11,43.25995000000001,9.935550000000001
2024121502,3515,43373,12,43.25995000000001,9.935550000000001
2024121502,3515,43373,13,43.25995000000001,9.935550000000001
2024121502,3515,56070,1,43.25995000000001,9.935550000000001
2024121502,3515,56070,2,43.25995000000001,9.935550000000001
2024121502,3515,56070,3,43.25995000000001,9.935550000000001
2024121502,3515,56070,4,43.25995000000001,9.935550000000001
2024121502,3515,56070,5,43.25995000000001,9.935550000000001
2024121502,3515,56070,6,43.25995000000001,9.935550000000001
2024121502,3515,56070,7,43.25995000000001,9.935550000000001
2024121502,3515,56070,8,43.25995000000001,9.935550000000001
2024121502,3515,56070,9,43.25995000000001,9.935550000000001
2024121502,3515,56070,10,43.25995000000001,9.935550000000001
2024121502,3515,56070,11,43.25995000000001,9.935550000000001
2024121502,3515,56070,12,43.25995000000001,9.935550000000001
2024121502,3515,56070,13,43.25995000000001,9.935550000000001
2024121502,3540,40166,1,43.25995000000001,9.935550000000001
2024121502,3540,40166,2,43.25995000000001,9.935550000000001
2024121502,3540,40166,3,43.25995000000001,9.935550000000001
2024121502,3540,40166,4,43.25995000000001,9.935550000000001
2024121502,3540,40166,5,43.25995000000001,9.935550000000001
2024121502,3540,40166,6,43.25995000000001,9.935550000000001
2024121502,3540,40166,7,43.25995000000001,9.935550000000001
2024121502,3540,40166,8,43.25995000000001,9.935550000000001
2024121502,3540,40166,9,43.25995000000001,9.935550000000001
2024121502,3540,52435,1,43.25995000000001,9.935550000000001
2024121502,3540,52435,2,43.25995000000001,9.935550000000001
2024121502,3540,52435,3,43.25995000000001,9.935550000000001
2024121502,3540,52435,4,43.25995000000001,9.935550000000001
2024121502,3540,52435,5,43.25995000000001,9.935550000000001
2024121502,3540,52435,6,43.25995000000001,9.935550000000001
2024121502,3540,52435,7,43.25995000000001,9.935550000000001
2024121502,3540,52435,8,43.25995000000001,9.935550000000001
2024121502,3540,52435,9,43.25995000000001,9.935550000000001
2024121502,3540,46206,1,43.25995000000001,9.935550000000001
2024121502,3540,46206,2,43.25995000000001,9.935550000000001
2024121502,3540,46206,3,43.25995000000001,9.935550000000001
2024121502,3540,46206,4,43.25995000000001,9.935550000000001
2024121502,3540,46206,5,43.25995000000001,9.935550000000001
2024121502,3540,46206,6,43.25995000000001,9.935550000000001
2024121502,3540,46206,7,43.25995000000001,9.935550000000001
2024121502,3540,46206,8,43.25995000000001,9.935550000000001
2024121502,3540,46206,9,43.25995000000001,9.935550000000001
2024121502,3705,44912,1,43.25995000000001,9.935550000000001
2024121502,3705,44912,2,43.25995000000001,9.935550000000001
2024121502,3705,44912,3,43.25995000000001,9.935550000000001
2024121502,3705,44912,4,43.25995000000001,9.935550000000001
2024121502,3705,44912,5,43.25995000000001,9.935550000000001
2024121502,3746,54468,1,43.25995000000001,9.935550000000001
2024121502,3746,54468,2,43.25995000000001,9.935550000000001
2024121502,3746,54468,3,43.25995000000001,9.935550000000001
2024121502,3746,54468,4,43.25995000000001,9.935550000000001
2024121502,3746,54468,5,43.25995000000001,9.935550000000001
2024121502,3746,54468,6,43.25995000000001,9.935550000000001
2024121502,3746,54468,7,43.25995000000001,9.935550000000001
2024121502,3746,54468,8,43.25995000000001,9.935550000000001
2024121502,3746,54468,9,43.25995000000001,9.935550000000001
2024121502,3746,54468,10,43.25995000000001,9.935550000000001
2024121502,3746,54468,11,43.25995000000001,9.935550000000001
2024121502,3746,41256,1,43.25995000000001,9.935550000000001
2024121502,3746,41256,2,43.25995000000001,9.935550000000001
2024121502,3746,41256,3,43.25995000000001,9.935550000000001
2024121502,3746,41256,4,43.25995000000001,9.935550000000001
2024121502,3746,41256,5,43.25995000000001,9.935550000000001
2024121502,3746,41256,6,43.25995000000001,9.935550000000001
2024121502,3746,41256,7,43.25995000000001,9.935550000000001
2024121502,3746,41256,8,43.25995000000001,9.935550000000001
2024121502,3746,41256,9,43.25995000000001,9.935550000000001
2024121502,3746,41256,10,43.25995000000001,9.935550000000001
2024121502,3746,41256,11,43.25995000000001,9.935550000000001
2024121502,3746,45900,1,43.25995000000001,9.935550000000001
2024121502,3746,45900,2,43.25995000000001,9.935550000000001
2024121502,3746,45900,3,43.25995000000001,9.935550000000001
2024121502,3746,45900,4,43.25995000000001,9.935550000000001
2024121502,3746,45900,5,43.25995000000001,9.935550000000001
2024121502,3746,45900,6,43.25995000000001,9.935550000000001
2024121502,3746,45900,7,43.25995000000001,9.935550000000001
2024121502,3746,45900,8,43.25995000000001,9.935550000000001
2024121502,3746,45900,9,43.25995000000001,9.935550000000001
2024121502,3746,45900,10,43.25995000000001,9.935550000000001
2024121502,3746,45900,11,43.25995000000001,9.935550000000001
2024121502,3897,57199,1,43.25995000000001,9.935550000000001
2024121502,3897,57199,2,43.25995000000001,9.935550000000001
2024121502,3897,57199,3,43.25995000000001,9.935550000000001
2024121502,3897,57199,4,43.25995000000001,9.935550000000001
2024121502,3897,57199,5,43.25995000000001,9.935550000000001
2024121502,3897,57199,6,43.25995000000001,9.935550000000001
2024121502,3897,57199,7,43.25995000000001,9.935550000000001
2024121502,3897,57199,8,43.25995000000001,9.935550000000001
2024121502,3897,57199,9,43.25995000000001,9.935550000000001
2024121502,3897,57199,10,43.25995000000001,9.935550000000001
2024121502,3897,57199,11,43.25995000000001,9.935550000000001
2024121502,3897,57199,12,43.25995000000001,9.935550000000001
2024121502,3897,57199,13,43.25995000000001,9.935550000000001
2024121502,3897,57199,14,43.25995000000001,9.935550000000001
2024121502,3897,57199,15,43.25995000000001,9.935550000000001
2024121502,3897,57199,16,43.25995000000001,9.935550000000001
2024121502,3897,57199,17,43.25995000000001,9.935550000000001
2024121502,3897,57199,18,43.25995000000001,9.935550000000001
2024121502,3897,57199,19,43.25995000000001,9.935550000000001
2024121502,3897,57199,20,43.25995000000001,9.935550000000001
2024121502,3897,57199,21,43.25995000000001,9.935550000000001
2024121502,3897,57199,22,43.25995000000001,9.935550000000001
2024121502,3897,57199,23,43.25995000000001,9.935550000000001
2024121502,3897,54540,1,43.25995000000001,9.935550000000001
2024121502,3897,54540,2,43.25995000000001,9.935550000000001
2024121502,3897,54540,3,43.25995000000001,9.935550000000001
2024121502,3897,54540,4,43.25995000000001,9.935550000000001
2024121502,3897,54540,5,43.25995000000001,9.935550000000001
2024121502,3897,54540,6,43.25995000000001,9.935550000000001
2024121502,3897,54540,7,43.25995000000001,9.935550000000001
2024121502,3897,54540,8,43.25995000000001,9.935550000000001
2024121502,3897,54540,9,43.25995000000001,9.935550000000001
2024121502,3897,54540,10,43.25995000000001,9.935550000000001
2024121502,3897,54540,11,43.25995000000001,9.935550000000001
2024121502,3897,54540,12,43.25995000000001,9.935550000000001
2024121502,3897,54540,13,43.25995000000001,9.935550000000001
2024121502,3897,54540,14,43.25995000000001,9.935550000000001
2024121502,3897,54540,15,43.25995000000001,9.935550000000001
2024121502,3897,54540,16,43.25995000000001,9.935550000000001
2024121502,3897,54540,17,43.25995000000001,9.935550000000001
2024121502,3897,54540,18,43.25995000000001,9.935550000000001
2024121502,3897,54540,19,43.25995000000001,9.935550000000001
2024121502,3897,54540,20,43.25995000000001,9.935550000000001
2024121502,3897,54540,21,43.25995000000001,9.935550000000001
2024121502,3897,54540,22,43.25995000000001,9.935550000000001
2024121502,3897,54540,23,43.25995000000001,9.935550000000001
2024121502,3897,54468,1,43.25995000000001,9.935550000000001
2024121502,3897,54468,2,43.25995000000001,9.935550000000001
2024121502,3897,54468,3,43.25995000000001,9.935550000000001
2024121502,3897,54468,4,43.25995000000001,9.935550000000001
2024121502,3897,54468,5,43.25995000000001,9.935550000000001
2024121502,3897,54468,6,43.25995000000001,9.935550000000001
2024121502,3897,54468,7,43.25995000000001,9.935550000000001
2024121502,3897,54468,8,43.25995000000001,9.935550000000001
2024121502,3897,54468,9,43.25995000000001,9.935550000000001
2024121502,3897,54468,10,43.25995000000001,9.935550000000001
2024121502,3897,54468,11,43.25995000000001,9.935550000000001
2024121502,3897,54468,12,43.25995000000001,9.935550000000001
2024121502,3897,54468,13,43.25995000000001,9.935550000000001
2024121502,3897,54468,14,43.25995000000001,9.935550000000001
2024121502,3897,54468,15,43.25995000000001,9.935550000000001
2024121502,3897,54468,16,43.25995000000001,9.935550000000001
2024121502,3897,54468,17,43.25995000000001,9.935550000000001
2024121502,3897,54468,18,43.25995000000001,9.935550000000001
2024121502,3897,54468,19,43.25995000000001,9.935550000000001
2024121502,3897,54468,20,43.25995000000001,9.935550000000001
2024121502,3897,54468,21,43.25995000000001,9.935550000000001
2024121502,3897,54468,22,43.25995000000001,9.935550000000001
2024121502,3897,54468,23,43.25995000000001,9.935550000000001
2024121502,3897,43395,1,43.25995000000001,9.935550000000001
2024121502,3897,43395,2,43.25995000000001,9.935550000000001
2024121502,3897,43395,3,43.25995000000001,9.935550000000001
2024121502,3897,43395,4,43.25995000000001,9.935550000000001
2024121502,3897,43395,5,43.25995000000001,9.935550000000001
2024121502,3897,43395,6,43.25995000000001,9.935550000000001
2024121502,3897,43395,7,43.25995000000001,9.935550000000001
2024121502,3897,43395,8,43.25995000000001,9.935550000000001
2024121502,3897,43395,9,43.25995000000001,9.935550000000001
2024121502,3897,43395,10,43.25995000000001,9.935550000000001
2024121502,3897,43395,11,43.25995000000001,9.935550000000001
2024121502,3897,43395,12,43.25995000000001,9.935550000000001
2024121502,3897,43395,13,43.25995000000001,9.935550000000001
2024121502,3897,43395,14,43.25995000000001,9.935550000000001
2024121502,3897,43395,15,43.25995000000001,9.935550000000001
2024121502,3897,43395,16,43.25995000000001,9.935550000000001
2024121502,3897,43395,17,43.25995000000001,9.935550000000001
2024121502,3897,43395,18,43.25995000000001,9.935550000000001
2024121502,3897,43395,19,43.25995000000001,9.935550000000001
2024121502,3897,43395,20,43.25995000000001,9.935550000000001
2024121502,3897,43395,21,43.25995000000001,9.935550000000001
2024121502,3897,43395,22,43.25995000000001,9.935550000000001
2024121502,3897,43395,23,43.25995000000001,9.935550000000001
2024121502,3897,43454,1,43.25995000000001,9.935550000000001
2024121502,3897,43454,2,43.25995000000001,9.935550000000001
2024121502,3897,43454,3,43.25995000000001,9.935550000000001
2024121502,3897,43454,4,43.25995000000001,9.935550000000001
2024121502,3897,43454,5,43.25995000000001,9.935550000000001
2024121502,3897,43454,6,43.25995000000001,9.935550000000001
2024121502,3897,43454,7,43.25995000000001,9.935550000000001
2024121502,3897,43454,8,43.25995000000001,9.935550000000001
2024121502,3897,43454,9,43.25995000000001,9.935550000000001
2024121502,3897,43454,10,43.25995000000001,9.935550000000001
2024121502,3897,43454,11,43.25995000000001,9.935550000000001
2024121502,3897,43454,12,43.25995000000001,9.935550000000001
2024121502,3897,43454,13,43.25995000000001,9.935550000000001
2024121502,3897,43454,14,43.25995000000001,9.935550000000001
2024121502,3897,43454,15,43.25995000000001,9.935550000000001
2024121502,3897,43454,16,43.25995000000001,9.935550000000001
2024121502,3897,43454,17,43.25995000000001,9.935550000000001
2024121502,3897,43454,18,43.25995000000001,9.935550000000001
2024121502,3897,43454,19,43.25995000000001,9.935550000000001
2024121502,3897,43454,20,43.25995000000001,9.935550000000001
2024121502,3897,43454,21,43.25995000000001,9.935550000000001
2024121502,3897,43454,22,43.25995000000001,9.935550000000001
2024121502,3897,43454,23,43.25995000000001,9.935550000000001
2025010515,92,57362,1,43.25995000000001,9.935550000000001
2025010515,92,57362,2,43.25995000000001,9.935550000000001
2025010515,92,57362,3,43.25995000000001,9.935550000000001
2025010515,92,57362,4,43.25995000000001,9.935550000000001
2025010515,92,57362,5,43.25995000000001,9.935550000000001
2025010515,92,57362,6,43.25995000000001,9.935550000000001
2025010515,92,57362,7,43.25995000000001,9.935550000000001
2025010515,92,57362,8,43.25995000000001,9.935550000000001
2025010515,92,57362,9,43.25995000000001,9.935550000000001
2025010515,92,57362,10,43.25995000000001,9.935550000000001
2025010515,92,57362,11,43.25995000000001,9.935550000000001
2025010515,92,57267,1,43.25995000000001,9.935550000000001
2025010515,92,57267,2,43.25995000000001,9.935550000000001
2025010515,92,57267,3,43.25995000000001,9.935550000000001
2025010515,92,57267,4,43.25995000000001,9.935550000000001
2025010515,92,57267,5,43.25995000000001,9.935550000000001
2025010515,92,57267,6,43.25995000000001,9.935550000000001
2025010515,92,57267,7,43.25995000000001,9.935550000000001
2025010515,92,57267,8,43.25995000000001,9.935550000000001
2025010515,92,57267,9,43.25995000000001,9.935550000000001
2025010515,92,57267,10,43.25995000000001,9.935550000000001
2025010515,92,57267,11,43.25995000000001,9.935550000000001
2025010515,92,53518,1,43.25995000000001,9.935550000000001
2025010515,92,53518,2,43.25995000000001,9.935550000000001
2025010515,92,53518,3,43.25995000000001,9.935550000000001
2025010515,92,53518,4,43.25995000000001,9.935550000000001
2025010515,92,53518,5,43.25995000000001,9.935550000000001
2025010515,92,53518,6,43.25995000000001,9.935550000000001
2025010515,92,53518,7,43.25995000000001,9.935550000000001
2025010515,92,53518,8,43.25995000000001,9.935550000000001
2025010515,92,53518,9,43.25995000000001,9.935550000000001
2025010515,92,53518,10,43.25995000000001,9.935550000000001
2025010515,92,53518,11,43.25995000000001,9.935550000000001
2025010515,161,55137,1,43.25995000000001,9.935550000000001
2025010515,161,55137,2,43.25995000000001,9.935550000000001
2025010515,161,55137,3,43.25995000000001,9.935550000000001
2025010515,161,55137,4,43.25995000000001,9.935550000000001
2025010515,161,55137,5,43.25995000000001,9.935550000000001
2025010515,161,55137,6,43.25995000000001,9.935550000000001
2025010515,161,55137,7,43.25995000000001,9.935550000000001
2025010515,161,55137,8,43.25995000000001,9.935550000000001
2025010515,161,55137,9,43.25995000000001,9.935550000000001
2025010515,161,55137,10,43.25995000000001,9.935550000000001
2025010515,161,54500,1,43.25995000000001,9.935550000000001
2025010515,161,54500,2,43.25995000000001,9.935550000000001
2025010515,161,54500,3,43.25995000000001,9.935550000000001
2025010515,161,54500,4,43.25995000000001,9.935550000000001
2025010515,161,54500,5,43.25995000000001,9.935550000000001
2025010515,161,54500,6,43.25995000000001,9.935550000000001
2025010515,161,54500,7,43.25995000000001,9.935550000000001
2025010515,161,54500,8,43.25995000000001,9.935550000000001
2025010515,161,54500,9,43.25995000000001,9.935550000000001
2025010515,161,54500,10,43.25995000000001,9.935550000000001
2025010515,161,46206,1,43.25995000000001,9.935550000000001
2025010515,161,46206,2,43.25995000000001,9.935550000000001
2025010515,161,46206,3,43.25995000000001,9.935550000000001
2025010515,161,46206,4,43.25995000000001,9.935550000000001
2025010515,161,46206,5,43.25995000000001,9.935550000000001
2025010515,161,46206,6,43.25995000000001,9.935550000000001
2025010515,161,46206,7,43.25995000000001,9.935550000000001
2025010515,161,46206,8,43.25995000000001,9.935550000000001
2025010515,161,46206,9,43.25995000000001,9.935550000000001
2025010515,161,46206,10,43.25995000000001,9.935550000000001
2025010515,208,44860,1,43.25995000000001,9.935550000000001
2025010515,208,44860,2,43.25995000000001,9.935550000000001
2025010515,208,44860,3,43.25995000000001,9.935550000000001
2025010515,208,44860,4,43.25995000000001,9.935550000000001
2025010515,208,44860,5,43.25995000000001,9.935550000000001
2025010515,208,44860,6,43.25995000000001,9.935550000000001
2025010515,208,44860,7,43.25995000000001,9.935550000000001
2025010515,208,44860,8,43.25995000000001,9.935550000000001
2025010515,238,44872,1,43.25995000000001,9.935550000000001
2025010515,238,44872,2,43.25995000000001,9.935550000000001
2025010515,238,44872,3,43.25995000000001,9.935550000000001
2025010515,238,44872,4,43.25995000000001,9.935550000000001
2025010515,238,44872,5,43.25995000000001,9.935550000000001
2025010515,238,44872,6,43.25995000000001,9.935550000000001
2025010515,238,44872,7,43.25995000000001,9.935550000000001
2025010515,238,44872,8,43.25995000000001,9.935550000000001
2025010515,238,44872,9,43.25995000000001,9.935550000000001
2025010515,238,44872,10,43.25995000000001,9.935550000000001
2025010515,238,44872,11,43.25995000000001,9.935550000000001
2025010515,238,44872,12,43.25995000000001,9.935550000000001
2025010515,238,44872,13,43.25995000000001,9.935550000000001
2025010515,238,44872,14,43.25995000000001,9.935550000000001
2025010515,238,44872,15,43.25995000000001,9.935550000000001
2025010515,238,44872,16,43.25995000000001,9.935550000000001
2025010515,238,57362,1,43.25995000000001,9.935550000000001
2025010515,238,57362,2,43.25995000000001,9.935550000000001
2025010515,238,57362,3,43.25995000000001,9.935550000000001
2025010515,238,57362,4,43.25995000000001,9.935550000000001
2025010515,238,57362,5,43.25995000000001,9.935550000000001
2025010515,238,57362,6,43.25995000000001,9.935550000000001
2025010515,238,57362,7,43.25995000000001,9.935550000000001
2025010515,238,57362,8,43.25995000000001,9.935550000000001
2025010515,238,57362,9,43.25995000000001,9.935550000000001
2025010515,238,57362,10,43.25995000000001,9.935550000000001
2025010515,238,57362,11,43.25995000000001,9.935550000000001
2025010515,238,57362,12,43.25995000000001,9.935550000000001
2025010515,238,57362,13,43.25995000000001,9.935550000000001
2025010515,238,57362,14,43.25995000000001,9.935550000000001
2025010515,238,57362,15,43.25995000000001,9.935550000000001
2025010515,238,57362,16,43.25995000000001,9.935550000000001
2025010515,238,53518,1,43.25995000000001,9.935550000000001
2025010515,238,53518,2,43.25995000000001,9.935550000000001
2025010515,238,53518,3,43.25995000000001,9.935550000000001
2025010515,238,53518,4,43.25995000000001,9.935550000000001
2025010515,238,53518,5,43.25995000000001,9.935550000000001
2025010515,238,53518,6,43.25995000000001,9.935550000000001
2025010515,238,53518,7,43.25995000000001,9.935550000000001
2025010515,238,53518,8,43.25995000000001,9.935550000000001
2025010515,238,53518,9,43.25995000000001,9.935550000000001
2025010515,238,53518,10,43.25995000000001,9.935550000000001
2025010515,238,53518,11,43.25995000000001,9.935550000000001
2025010515,238,53518,12,43.25995000000001,9.935550000000001
2025010515,238,53518,13,43.25995000000001,9.935550000000001
2025010515,238,53518,14,43.25995000000001,9.935550000000001
2025010515,238,53518,15,43.25995000000001,9.935550000000001
2025010515,238,53518,16,43.25995000000001,9.935550000000001
2025010515,358,44872,1,43.25995000000001,9.935550000000001
2025010515,358,44872,2,43.25995000000001,9.935550000000001
2025010515,358,44872,3,43.25995000000001,9.935550000000001
2025010515,358,44872,4,43.25995000000001,9.935550000000001
2025010515,358,44872,5,43.25995000000001,9.935550000000001
2025010515,358,44872,6,43.25995000000001,9.935550000000001
2025010515,358,44872,7,43.25995000000001,9.935550000000001
2025010515,358,44872,8,43.25995000000001,9.935550000000001
2025010515,358,44872,9,43.25995000000001,9.935550000000001
2025010515,358,44872,10,43.25995000000001,9.935550000000001
2025010515,358,44872,11,43.25995000000001,9.935550000000001
2025010515,358,43366,1,43.25995000000001,9.935550000000001
2025010515,358,43366,2,43.25995000000001,9.935550000000001
2025010515,358,43366,3,43.25995000000001,9.935550000000001
2025010515,358,43366,4,43.25995000000001,9.935550000000001
2025010515,358,43366,5,43.25995000000001,9.935550000000001
2025010515,358,43366,6,43.25995000000001,9.935550000000001
2025010515,358,43366,7,43.25995000000001,9.935550000000001
2025010515,358,43366,8,43.25995000000001,9.935550000000001
2025010515,358,43366,9,43.25995000000001,9.935550000000001
2025010515,358,43366,10,43.25995000000001,9.935550000000001
2025010515,358,43366,11,43.25995000000001,9.935550000000001
2025010515,358,53518,1,43.25995000000001,9.935550000000001
2025010515,358,53518,2,43.25995000000001,9.935550000000001
2025010515,358,53518,3,43.25995000000001,9.935550000000001
2025010515,358,53518,4,43.25995000000001,9.935550000000001
2025010515,358,53518,5,43.25995000000001,9.935550000000001
2025010515,358,53518,6,43.25995000000001,9.935550000000001
2025010515,358,53518,7,43.25995000000001,9.935550000000001
2025010515,358,53518,8,43.25995000000001,9.935550000000001
2025010515,358,53518,9,43.25995000000001,9.935550000000001
2025010515,358,53518,10,43.25995000000001,9.935550000000001
2025010515,358,53518,11,43.25995000000001,9.935550000000001
2025010515,524,44872,1,43.25995000000001,9.935550000000001
2025010515,524,44872,2,43.25995000000001,9.935550000000001
2025010515,524,44872,3,43.25995000000001,9.935550000000001
2025010515,524,44872,4,43.25995000000001,9.935550000000001
2025010515,524,44872,5,43.25995000000001,9.935550000000001
2025010515,524,44872,6,43.25995000000001,9.935550000000001
2025010515,524,44872,7,43.25995000000001,9.935550000000001
2025010515,524,44872,8,43.25995000000001,9.935550000000001
2025010515,524,44872,9,43.25995000000001,9.935550000000001
2025010515,524,44872,10,43.25995000000001,9.935550000000001
2025010515,524,57362,1,43.25995000000001,9.935550000000001
2025010515,524,57362,2,43.25995000000001,9.935550000000001
2025010515,524,57362,3,43.25995000000001,9.935550000000001
2025010515,524,57362,4,43.25995000000001,9.935550000000001
2025010515,524,57362,5,43.25995000000001,9.935550000000001
2025010515,524,57362,6,43.25995000000001,9.935550000000001
2025010515,524,57362,7,43.25995000000001,9.935550000000001
2025010515,524,57362,8,43.25995000000001,9.935550000000001
2025010515,524,57362,9,43.25995000000001,9.935550000000001
2025010515,524,57362,10,43.25995000000001,9.935550000000001
2025010515,524,54572,1,43.25995000000001,9.935550000000001
2025010515,524,54572,2,43.25995000000001,9.935550000000001
2025010515,524,54572,3,43.25995000000001,9.935550000000001
2025010515,524,54572,4,43.25995000000001,9.935550000000001
2025010515,524,54572,5,43.25995000000001,9.935550000000001
2025010515,524,54572,6,43.25995000000001,9.935550000000001
2025010515,524,54572,7,43.25995000000001,9.935550000000001
2025010515,524,54572,8,43.25995000000001,9.935550000000001
2025010515,524,54572,9,43.25995000000001,9.935550000000001
2025010515,524,54572,10,43.25995000000001,9.935550000000001
2025010515,578,44872,1,43.25995000000001,9.935550000000001
2025010515,578,44872,2,43.25995000000001,9.935550000000001
2025010515,578,44872,3,43.25995000000001,9.935550000000001
2025010515,578,44872,4,43.25995000000001,9.935550000000001
2025010515,578,44872,5,43.25995000000001,9.935550000000001
2025010515,578,44872,6,43.25995000000001,9.935550000000001
2025010515,578,44872,7,43.25995000000001,9.935550000000001
2025010515,578,44872,8,43.25995000000001,9.935550000000001
2025010515,578,44872,9,43.25995000000001,9.935550000000001
2025010515,578,44872,10,43.25995000000001,9.935550000000001
2025010515,578,57362,1,43.25995000000001,9.935550000000001
2025010515,578,57362,2,43.25995000000001,9.935550000000001
2025010515,578,57362,3,43.25995000000001,9.935550000000001
2025010515,578,57362,4,43.25995000000001,9.935550000000001
2025010515,578,57362,5,43.25995000000001,9.935550000000001
2025010515,578,57362,6,43.25995000000001,9.935550000000001
2025010515,578,57362,7,43.25995000000001,9.935550000000001
2025010515,578,57362,8,43.25995000000001,9.935550000000001
2025010515,578,57362,9,43.25995000000001,9.935550000000001
2025010515,578,57362,10,43.25995000000001,9.935550000000001
2025010515,578,53518,1,43.25995000000001,9.935550000000001
2025010515,578,53518,2,43.25995000000001,9.935550000000001
2025010515,578,53518,3,43.25995000000001,9.935550000000001
2025010515,578,53518,4,43.25995000000001,9.935550000000001
2025010515,578,53518,5,43.25995000000001,9.935550000000001
2025010515,578,53518,6,43.25995000000001,9.935550000000001
2025010515,578,53518,7,43.25995000000001,9.935550000000001
2025010515,578,53518,8,43.25995000000001,9.935550000000001
2025010515,578,53518,9,43.25995000000001,9.935550000000001
2025010515,578,53518,10,43.25995000000001,9.935550000000001
2025010515,603,44872,1,43.25995000000001,9.935550000000001
2025010515,603,44872,2,43.25995000000001,9.935550000000001
2025010515,603,44872,3,43.25995000000001,9.935550000000001
2025010515,603,44872,4,43.25995000000001,9.935550000000001
2025010515,603,44872,5,43.25995000000001,9.935550000000001
2025010515,603,44872,6,43.25995000000001,9.935550000000001
2025010515,603,44872,7,43.25995000000001,9.935550000000001
2025010515,603,44872,8,43.25995000000001,9.935550000000001
2025010515,603,44872,9,43.25995000000001,9.935550000000001
2025010515,603,44872,10,43.25995000000001,9.935550000000001
2025010515,603,44872,11,43.25995000000001,9.935550000000001
2025010515,603,44872,12,43.25995000000001,9.935550000000001
2025010515,603,44872,13,43.25995000000001,9.935550000000001
2025010515,603,57362,1,43.25995000000001,9.935550000000001
2025010515,603,57362,2,43.25995000000001,9.935550000000001
2025010515,603,57362,3,43.25995000000001,9.935550000000001
2025010515,603,57362,4,43.25995000000001,9.935550000000001
2025010515,603,57362,5,43.25995000000001,9.935550000000001
2025010515,603,57362,6,43.25995000000001,9.935550000000001
2025010515,603,57362,7,43.25995000000001,9.935550000000001
2025010515,603,57362,8,43.25995000000001,9.935550000000001
2025010515,603,57362,9,43.25995000000001,9.935550000000001
2025010515,603,57362,10,43.25995000000001,9.935550000000001
2025010515,603,57362,11,43.25995000000001,9.935550000000001
2025010515,603,57362,12,43.25995000000001,9.935550000000001
2025010515,603,57362,13,43.25995000000001,9.935550000000001
2025010515,603,47849,1,43.25995000000001,9.935550000000001
2025010515,603,47849,2,43.25995000000001,9.935550000000001
2025010515,603,47849,3,43.25995000000001,9.935550000000001
2025010515,603,47849,4,43.25995000000001,9.935550000000001
2025010515,603,47849,5,43.25995000000001,9.935550000000001
2025010515,603,47849,6,43.25995000000001,9.935550000000001
2025010515,603,47849,7,43.25995000000001,9.935550000000001
2025010515,603,47849,8,43.25995000000001,9.935550000000001
2025010515,603,47849,9,43.25995000000001,9.935550000000001
2025010515,603,47849,10,43.25995000000001,9.935550000000001
2025010515,603,47849,11,43.25995000000001,9.935550000000001
2025010515,603,47849,12,43.25995000000001,9.935550000000001
2025010515,603,47849,13,43.25995000000001,9.935550000000001
2025010515,704,45719,1,43.25995000000001,9.935550000000001
2025010515,704,45719,2,43.25995000000001,9.935550000000001
2025010515,704,45719,3,43.25995000000001,9.935550000000001
2025010515,704,45719,4,43.25995000000001,9.935550000000001
2025010515,704,45719,5,43.25995000000001,9.935550000000001
2025010515,704,45719,6,43.25995000000001,9.935550000000001
2025010515,704,45719,7,43.25995000000001,9.935550000000001
2025010515,797,48268,1,43.25995000000001,9.935550000000001
2025010515,797,48268,2,43.25995000000001,9.935550000000001
2025010515,797,48268,3,43.25995000000001,9.935550000000001
2025010515,797,48268,4,43.25995000000001,9.935550000000001
2025010515,797,48268,5,43.25995000000001,9.935550000000001
2025010515,797,48268,6,43.25995000000001,9.935550000000001
2025010515,797,48268,7,43.25995000000001,9.935550000000001
2025010515,797,47788,1,43.25995000000001,9.935550000000001
2025010515,797,47788,2,43.25995000000001,9.935550000000001
2025010515,797,47788,3,43.25995000000001,9.935550000000001
2025010515,797,47788,4,43.25995000000001,9.935550000000001
2025010515,797,47788,5,43.25995000000001,9.935550000000001
2025010515,797,47788,6,43.25995000000001,9.935550000000001
2025010515,797,47788,7,43.25995000000001,9.935550000000001
2025010515,797,43383,1,43.25995000000001,9.935550000000001
2025010515,797,43383,2,43.25995000000001,9.935550000000001
2025010515,797,43383,3,43.25995000000001,9.935550000000001
2025010515,797,43383,4,43.25995000000001,9.935550000000001
2025010515,797,43383,5,43.25995000000001,9.935550000000001
2025010515,797,43383,6,43.25995000000001,9.935550000000001
2025010515,797,43383,7,43.25995000000001,9.935550000000001
2025010515,886,57199,1,43.25995000000001,9.935550000000001
2025010515,886,57199,2,43.25995000000001,9.935550000000001
2025010515,886,57199,3,43.25995000000001,9.935550000000001
2025010515,886,57199,4,43.25995000000001,9.935550000000001
2025010515,886,57199,5,43.25995000000001,9.935550000000001
2025010515,886,57199,6,43.25995000000001,9.935550000000001
2025010515,886,57199,7,43.25995000000001,9.935550000000001
2025010515,886,57199,8,43.25995000000001,9.935550000000001
2025010515,886,57199,9,43.25995000000001,9.935550000000001
2025010515,886,57199,10,43.25995000000001,9.935550000000001
2025010515,886,57199,11,43.25995000000001,9.935550000000001
2025010515,886,57199,12,43.25995000000001,9.935550000000001
2025010515,886,57199,13,43.25995000000001,9.935550000000001
2025010515,886,57199,14,43.25995000000001,9.935550000000001
2025010515,886,57199,15,43.25995000000001,9.935550000000001
2025010515,886,57199,16,43.25995000000001,9.935550000000001
2025010515,886,57199,17,43.25995000000001,9.935550000000001
2025010515,886,57199,18,43.25995000000001,9.935550000000001
2025010515,886,54468,1,43.25995000000001,9.935550000000001
2025010515,886,54468,2,43.25995000000001,9.935550000000001
2025010515,886,54468,3,43.25995000000001,9.935550000000001
2025010515,886,54468,4,43.25995000000001,9.935550000000001
2025010515,886,54468,5,43.25995000000001,9.935550000000001
2025010515,886,54468,6,43.25995000000001,9.935550000000001
2025010515,886,54468,7,43.25995000000001,9.935550000000001
2025010515,886,54468,8,43.25995000000001,9.935550000000001
2025010515,886,54468,9,43.25995000000001,9.935550000000001
2025010515,886,54468,10,43.25995000000001,9.935550000000001
2025010515,886,54468,11,43.25995000000001,9.935550000000001
2025010515,886,54468,12,43.25995000000001,9.935550000000001
2025010515,886,54468,13,43.25995000000001,9.935550000000001
2025010515,886,54468,14,43.25995000000001,9.935550000000001
2025010515,886,54468,15,43.25995000000001,9.935550000000001
2025010515,886,54468,16,43.25995000000001,9.935550000000001
2025010515,886,54468,17,43.25995000000001,9.935550000000001
2025010515,886,54468,18,43.25995000000001,9.935550000000001
2025010515,886,52991,1,43.25995000000001,9.935550000000001
2025010515,886,52991,2,43.25995000000001,9.935550000000001
2025010515,886,52991,3,43.25995000000001,9.935550000000001
2025010515,886,52991,4,43.25995000000001,9.935550000000001
2025010515,886,52991,5,43.25995000000001,9.935550000000001
2025010515,886,52991,6,43.25995000000001,9.935550000000001
2025010515,886,52991,7,43.25995000000001,9.935550000000001
2025010515,886,52991,8,43.25995000000001,9.935550000000001
2025010515,886,52991,9,43.25995000000001,9.935550000000001
2025010515,886,52991,10,43.25995000000001,9.935550000000001
2025010515,886,52991,11,43.25995000000001,9.935550000000001
2025010515,886,52991,12,43.25995000000001,9.935550000000001
2025010515,886,52991,13,43.25995000000001,9.935550000000001
2025010515,886,52991,14,43.25995000000001,9.935550000000001
2025010515,886,52991,15,43.25995000000001,9.935550000000001
2025010515,886,52991,16,43.25995000000001,9.935550000000001
2025010515,886,52991,17,43.25995000000001,9.935550000000001
2025010515,886,52991,18,43.25995000000001,9.935550000000001
2025010515,886,53074,1,43.25995000000001,9.935550000000001
2025010515,886,53074,2,43.25995000000001,9.935550000000001
2025010515,886,53074,3,43.25995000000001,9.935550000000001
2025010515,886,53074,4,43.25995000000001,9.935550000000001
2025010515,886,53074,5,43.25995000000001,9.935550000000001
2025010515,886,53074,6,43.25995000000001,9.935550000000001
2025010515,886,53074,7,43.25995000000001,9.935550000000001
2025010515,886,53074,8,43.25995000000001,9.935550000000001
2025010515,886,53074,9,43.25995000000001,9.935550000000001
2025010515,886,53074,10,43.25995000000001,9.935550000000001
2025010515,886,53074,11,43.25995000000001,9.935550000000001
2025010515,886,53074,12,43.25995000000001,9.935550000000001
2025010515,886,53074,13,43.25995000000001,9.935550000000001
2025010515,886,53074,14,43.25995000000001,9.935550000000001
2025010515,886,53074,15,43.25995000000001,9.935550000000001
2025010515,886,53074,16,43.25995000000001,9.935550000000001
2025010515,886,53074,17,43.25995000000001,9.935550000000001
2025010515,886,53074,18,43.25995000000001,9.935550000000001
2025010515,1056,48268,1,43.25995000000001,9.935550000000001
2025010515,1056,48268,2,43.25995000000001,9.935550000000001
2025010515,1056,48268,3,43.25995000000001,9.935550000000001
2025010515,1056,48268,4,43.25995000000001,9.935550000000001
2025010515,1056,48268,5,43.25995000000001,9.935550000000001
2025010515,1056,48268,6,43.25995000000001,9.935550000000001
2025010515,1056,48268,7,43.25995000000001,9.935550000000001
2025010515,1056,48268,8,43.25995000000001,9.935550000000001
2025010515,1056,48268,9,43.25995000000001,9.935550000000001
2025010515,1056,48268,10,43.25995000000001,9.935550000000001
2025010515,1056,48268,11,43.25995000000001,9.935550000000001
2025010515,1056,48268,12,43.25995000000001,9.935550000000001
2025010515,1056,48268,13,43.25995000000001,9.935550000000001
2025010515,1056,54468,1,43.25995000000001,9.935550000000001
2025010515,1056,54468,2,43.25995000000001,9.935550000000001
2025010515,1056,54468,3,43.25995000000001,9.935550000000001
2025010515,1056,54468,4,43.25995000000001,9.935550000000001
2025010515,1056,54468,5,43.25995000000001,9.935550000000001
2025010515,1056,54468,6,43.25995000000001,9.935550000000001
2025010515,1056,54468,7,43.25995000000001,9.935550000000001
2025010515,1056,54468,8,43.25995000000001,9.935550000000001
2025010515,1056,54468,9,43.25995000000001,9.935550000000001
2025010515,1056,54468,10,43.25995000000001,9.935550000000001
2025010515,1056,54468,11,43.25995000000001,9.935550000000001
2025010515,1056,54468,12,43.25995000000001,9.935550000000001
2025010515,1056,54468,13,43.25995000000001,9.935550000000001
2025010515,1056,52991,1,43.25995000000001,9.935550000000001
2025010515,1056,52991,2,43.25995000000001,9.935550000000001
2025010515,1056,52991,3,43.25995000000001,9.935550000000001
2025010515,1056,52991,4,43.25995000000001,9.935550000000001
2025010515,1056,52991,5,43.25995000000001,9.935550000000001
2025010515,1056,52991,6,43.25995000000001,9.935550000000001
2025010515,1056,52991,7,43.25995000000001,9.935550000000001
2025010515,1056,52991,8,43.25995000000001,9.935550000000001
2025010515,1056,52991,9,43.25995000000001,9.935550000000001
2025010515,1056,52991,10,43.25995000000001,9.935550000000001
2025010515,1056,52991,11,43.25995000000001,9.935550000000001
2025010515,1056,52991,12,43.25995000000001,9.935550000000001
2025010515,1056,52991,13,43.25995000000001,9.935550000000001
2025010515,1056,53074,1,43.25995000000001,9.935550000000001
2025010515,1056,53074,2,43.25995000000001,9.935550000000001
2025010515,1056,53074,3,43.25995000000001,9.935550000000001
2025010515,1056,53074,4,43.25995000000001,9.935550000000001
2025010515,1056,53074,5,43.25995000000001,9.935550000000001
2025010515,1056,53074,6,43.25995000000001,9.935550000000001
2025010515,1056,53074,7,43.25995000000001,9.935550000000001
2025010515,1056,53074,8,43.25995000000001,9.935550000000001
2025010515,1056,53074,9,43.25995000000001,9.935550000000001
2025010515,1056,53074,10,43.25995000000001,9.935550000000001
2025010515,1056,53074,11,43.25995000000001,9.935550000000001
2025010515,1056,53074,12,43.25995000000001,9.935550000000001
2025010515,1056,53074,13,43.25995000000001,9.935550000000001
2025010515,1086,54468,1,43.25995000000001,9.935550000000001
2025010515,1086,54468,2,43.25995000000001,9.935550000000001
2025010515,1086,54468,3,43.25995000000001,9.935550000000001
2025010515,1086,54468,4,43.25995000000001,9.935550000000001
2025010515,1086,54468,5,43.25995000000001,9.935550000000001
2025010515,1086,54468,6,43.25995000000001,9.935550000000001
2025010515,1086,54468,7,43.25995000000001,9.935550000000001
2025010515,1086,54468,8,43.25995000000001,9.935550000000001
2025010515,1086,54468,9,43.25995000000001,9.935550000000001
2025010515,1086,54468,10,43.25995000000001,9.935550000000001
2025010515,1086,54468,11,43.25995000000001,9.935550000000001
2025010515,1086,54468,12,43.25995000000001,9.935550000000001
2025010515,1086,54468,13,43.25995000000001,9.935550000000001
2025010515,1086,52991,1,43.25995000000001,9.935550000000001
2025010515,1086,52991,2,43.25995000000001,9.935550000000001
2025010515,1086,52991,3,43.25995000000001,9.935550000000001
2025010515,1086,52991,4,43.25995000000001,9.935550000000001
2025010515,1086,52991,5,43.25995000000001,9.935550000000001
2025010515,1086,52991,6,43.25995000000001,9.935550000000001
2025010515,1086,52991,7,43.25995000000001,9.935550000000001
2025010515,1086,52991,8,43.25995000000001,9.935550000000001
2025010515,1086,52991,9,43.25995000000001,9.935550000000001
2025010515,1086,52991,10,43.25995000000001,9.935550000000001
2025010515,1086,52991,11,43.25995000000001,9.935550000000001
2025010515,1086,52991,12,43.25995000000001,9.935550000000001
2025010515,1086,52991,13,43.25995000000001,9.935550000000001
2025010515,1086,46095,1,43.25995000000001,9.935550000000001
2025010515,1086,46095,2,43.25995000000001,9.935550000000001
2025010515,1086,46095,3,43.25995000000001,9.935550000000001
2025010515,1086,46095,4,43.25995000000001,9.935550000000001
2025010515,1086,46095,5,43.25995000000001,9.935550000000001
2025010515,1086,46095,6,43.25995000000001,9.935550000000001
2025010515,1086,46095,7,43.25995000000001,9.935550000000001
2025010515,1086,46095,8,43.25995000000001,9.935550000000001
2025010515,1086,46095,9,43.25995000000001,9.935550000000001
2025010515,1086,46095,10,43.25995000000001,9.935550000000001
2025010515,1086,46095,11,43.25995000000001,9.935550000000001
2025010515,1086,46095,12,43.25995000000001,9.935550000000001
2025010515,1086,46095,13,43.25995000000001,9.935550000000001
2025010515,1215,43366,1,43.25995000000001,9.935550000000001
2025010515,1215,43366,2,43.25995000000001,9.935550000000001
2025010515,1215,43366,3,43.25995000000001,9.935550000000001
2025010515,1215,43366,4,43.25995000000001,9.935550000000001
2025010515,1215,43366,5,43.25995000000001,9.935550000000001
2025010515,1215,43366,6,43.25995000000001,9.935550000000001
2025010515,1215,43366,7,43.25995000000001,9.935550000000001
2025010515,1215,43366,8,43.25995000000001,9.935550000000001
2025010515,1215,43366,9,43.25995000000001,9.935550000000001
2025010515,1215,43366,10,43.25995000000001,9.935550000000001
2025010515,1215,43366,11,43.25995000000001,9.935550000000001
2025010515,1215,43366,12,43.25995000000001,9.935550000000001
2025010515,1215,43366,13,43.25995000000001,9.935550000000001
2025010515,1215,43366,14,43.25995000000001,9.935550000000001
2025010515,1215,43366,15,43.25995000000001,9.935550000000001
2025010515,1215,43366,16,43.25995000000001,9.935550000000001
2025010515,1215,43366,17,43.25995000000001,9.935550000000001
2025010515,1215,43366,18,43.25995000000001,9.935550000000001
2025010515,1215,43366,19,43.25995000000001,9.935550000000001
2025010515,1215,43366,20,43.25995000000001,9.935550000000001
2025010515,1215,43366,21,43.25995000000001,9.935550000000001
2025010515,1215,43366,22,43.25995000000001,9.935550000000001
2025010515,1215,43366,23,43.25995000000001,9.935550000000001
2025010515,1215,43366,24,43.25995000000001,9.935550000000001
2025010515,1215,57267,1,43.25995000000001,9.935550000000001
2025010515,1215,57267,2,43.25995000000001,9.935550000000001
2025010515,1215,57267,3,43.25995000000001,9.935550000000001
2025010515,1215,57267,4,43.25995000000001,9.935550000000001
2025010515,1215,57267,5,43.25995000000001,9.935550000000001
2025010515,1215,57267,6,43.25995000000001,9.935550000000001
2025010515,1215,57267,7,43.25995000000001,9.935550000000001
2025010515,1215,57267,8,43.25995000000001,9.935550000000001
2025010515,1215,57267,9,43.25995000000001,9.935550000000001
2025010515,1215,57267,10,43.25995000000001,9.935550000000001
2025010515,1215,57267,11,43.25995000000001,9.935550000000001
2025010515,1215,57267,12,43.25995000000001,9.935550000000001
2025010515,1215,57267,13,43.25995000000001,9.935550000000001
2025010515,1215,57267,14,43.25995000000001,9.935550000000001
2025010515,1215,57267,15,43.25995000000001,9.935550000000001
2025010515,1215,57267,16,43.25995000000001,9.935550000000001
2025010515,1215,57267,17,43.25995000000001,9.935550000000001
2025010515,1215,57267,18,43.25995000000001,9.935550000000001
2025010515,1215,57267,19,43.25995000000001,9.935550000000001
2025010515,1215,57267,20,43.25995000000001,9.935550000000001
2025010515,1215,57267,21,43.25995000000001,9.935550000000001
2025010515,1215,57267,22,43.25995000000001,9.935550000000001
2025010515,1215,57267,23,43.25995000000001,9.935550000000001
2025010515,1215,57267,24,43.25995000000001,9.935550000000001
2025010515,1215,55081,1,43.25995000000001,9.935550000000001
2025010515,1215,55081,2,43.25995000000001,9.935550000000001
2025010515,1215,55081,3,43.25995000000001,9.935550000000001
2025010515,1215,55081,4,43.25995000000001,9.935550000000001
2025010515,1215,55081,5,43.25995000000001,9.935550000000001
2025010515,1215,55081,6,43.25995000000001,9.935550000000001
2025010515,1215,55081,7,43.25995000000001,9.935550000000001
2025010515,1215,55081,8,43.25995000000001,9.935550000000001
2025010515,1215,55081,9,43.25995000000001,9.935550000000001
2025010515,1215,55081,10,43.25995000000001,9.935550000000001
2025010515,1215,55081,11,43.25995000000001,9.935550000000001
2025010515,1215,55081,12,43.25995000000001,9.935550000000001
2025010515,1215,55081,13,43.25995000000001,9.935550000000001
2025010515,1215,55081,14,43.25995000000001,9.935550000000001
2025010515,1215,55081,15,43.25995000000001,9.935550000000001
2025010515,1215,55081,16,43.25995000000001,9.935550000000001
2025010515,1215,55081,17,43.25995000000001,9.935550000000001
2025010515,1215,55081,18,43.25995000000001,9.935550000000001
2025010515,1215,55081,19,43.25995000000001,9.935550000000001
2025010515,1215,55081,20,43.25995000000001,9.935550000000001
2025010515,1215,55081,21,43.25995000000001,9.935550000000001
2025010515,1215,55081,22,43.25995000000001,9.935550000000001
2025010515,1215,55081,23,43.25995000000001,9.935550000000001
2025010515,1215,55081,24,43.25995000000001,9.935550000000001
2025010515,1215,47849,1,43.25995000000001,9.935550000000001
2025010515,1215,47849,2,43.25995000000001,9.935550000000001
2025010515,1215,47849,3,43.25995000000001,9.935550000000001
2025010515,1215,47849,4,43.25995000000001,9.935550000000001
2025010515,1215,47849,5,43.25995000000001,9.935550000000001
2025010515,1215,47849,6,43.25995000000001,9.935550000000001
2025010515,1215,47849,7,43.25995000000001,9.935550000000001
2025010515,1215,47849,8,43.25995000000001,9.935550000000001
2025010515,1215,47849,9,43.25995000000001,9.935550000000001
2025010515,1215,47849,10,43.25995000000001,9.935550000000001
2025010515,1215,47849,11,43.25995000000001,9.935550000000001
2025010515,1215,47849,12,43.25995000000001,9.935550000000001
2025010515,1215,47849,13,43.25995000000001,9.935550000000001
2025010515,1215,47849,14,43.25995000000001,9.935550000000001
2025010515,1215,47849,15,43.25995000000001,9.935550000000001
2025010515,1215,47849,16,43.25995000000001,9.935550000000001
2025010515,1215,47849,17,43.25995000000001,9.935550000000001
2025010515,1215,47849,18,43.25995000000001,9.935550000000001
2025010515,1215,47849,19,43.25995000000001,9.935550000000001
2025010515,1215,47849,20,43.25995000000001,9.935550000000001
2025010515,1215,47849,21,43.25995000000001,9.935550000000001
2025010515,1215,47849,22,43.25995000000001,9.935550000000001
2025010515,1215,47849,23,43.25995000000001,9.935550000000001
2025010515,1215,47849,24,43.25995000000001,9.935550000000001
2025010515,1304,47788,1,43.25995000000001,9.935550000000001
2025010515,1304,47788,2,43.25995000000001,9.935550000000001
2025010515,1304,47788,3,43.25995000000001,9.935550000000001
2025010515,1304,47788,4,43.25995000000001,9.935550000000001
2025010515,1304,47788,5,43.25995000000001,9.935550000000001
2025010515,1304,47788,6,43.25995000000001,9.935550000000001
2025010515,1304,47788,7,43.25995000000001,9.935550000000001
2025010515,1304,47788,8,43.25995000000001,9.935550000000001
2025010515,1304,47788,9,43.25995000000001,9.935550000000001
2025010515,1304,47788,10,43.25995000000001,9.935550000000001
2025010515,1304,47788,11,43.25995000000001,9.935550000000001
2025010515,1304,47788,12,43.25995000000001,9.935550000000001
2025010515,1304,56012,1,43.25995000000001,9.935550000000001
2025010515,1304,56012,2,43.25995000000001,9.935550000000001
2025010515,1304,56012,3,43.25995000000001,9.935550000000001
2025010515,1304,56012,4,43.25995000000001,9.935550000000001
2025010515,1304,56012,5,43.25995000000001,9.935550000000001
2025010515,1304,56012,6,43.25995000000001,9.935550000000001
2025010515,1304,56012,7,43.25995000000001,9.935550000000001
2025010515,1304,56012,8,43.25995000000001,9.935550000000001
2025010515,1304,56012,9,43.25995000000001,9.935550000000001
2025010515,1304,56012,10,43.25995000000001,9.935550000000001
2025010515,1304,56012,11,43.25995000000001,9.935550000000001
2025010515,1304,56012,12,43.25995000000001,9.935550000000001
2025010515,1329,52991,1,43.25995000000001,9.935550000000001
2025010515,1329,52991,2,43.25995000000001,9.935550000000001
2025010515,1329,52991,3,43.25995000000001,9.935550000000001
2025010515,1329,52991,4,43.25995000000001,9.935550000000001
2025010515,1329,52991,5,43.25995000000001,9.935550000000001
2025010515,1329,52991,6,43.25995000000001,9.935550000000001
2025010515,1329,52991,7,43.25995000000001,9.935550000000001
2025010515,1329,52991,8,43.25995000000001,9.935550000000001
2025010515,1329,53074,1,43.25995000000001,9.935550000000001
2025010515,1329,53074,2,43.25995000000001,9.935550000000001
2025010515,1329,53074,3,43.25995000000001,9.935550000000001
2025010515,1329,53074,4,43.25995000000001,9.935550000000001
2025010515,1329,53074,5,43.25995000000001,9.935550000000001
2025010515,1329,53074,6,43.25995000000001,9.935550000000001
2025010515,1329,53074,7,43.25995000000001,9.935550000000001
2025010515,1329,53074,8,43.25995000000001,9.935550000000001
2025010515,1392,55081,1,43.25995000000001,9.935550000000001
2025010515,1392,55081,2,43.25995000000001,9.935550000000001
2025010515,1392,55081,3,43.25995000000001,9.935550000000001
2025010515,1392,55081,4,43.25995000000001,9.935550000000001
2025010515,1392,55081,5,43.25995000000001,9.935550000000001
2025010515,1392,55081,6,43.25995000000001,9.935550000000001
2025010515,1392,55081,7,43.25995000000001,9.935550000000001
2025010515,1392,55081,8,43.25995000000001,9.935550000000001
2025010515,1392,55081,9,43.25995000000001,9.935550000000001
2025010515,1392,55081,10,43.25995000000001,9.935550000000001
2025010515,1392,55081,11,43.25995000000001,9.935550000000001
2025010515,1392,55081,12,43.25995000000001,9.935550000000001
2025010515,1392,54509,1,43.25995000000001,9.935550000000001
2025010515,1392,54509,2,43.25995000000001,9.935550000000001
2025010515,1392,54509,3,43.25995000000001,9.935550000000001
2025010515,1392,54509,4,43.25995000000001,9.935550000000001
2025010515,1392,54509,5,43.25995000000001,9.935550000000001
2025010515,1392,54509,6,43.25995000000001,9.935550000000001
2025010515,1392,54509,7,43.25995000000001,9.935550000000001
2025010515,1392,54509,8,43.25995000000001,9.935550000000001
2025010515,1392,54509,9,43.25995000000001,9.935550000000001
2025010515,1392,54509,10,43.25995000000001,9.935550000000001
2025010515,1392,54509,11,43.25995000000001,9.935550000000001
2025010515,1392,54509,12,43.25995000000001,9.935550000000001
2025010515,1429,44872,1,43.25995000000001,9.935550000000001
2025010515,1429,44872,2,43.25995000000001,9.935550000000001
2025010515,1429,44872,3,43.25995000000001,9.935550000000001
2025010515,1429,44872,4,43.25995000000001,9.935550000000001
2025010515,1429,44872,5,43.25995000000001,9.935550000000001
2025010515,1429,44872,6,43.25995000000001,9.935550000000001
2025010515,1429,44872,7,43.25995000000001,9.935550000000001
2025010515,1429,57372,1,43.25995000000001,9.935550000000001
2025010515,1429,57372,2,43.25995000000001,9.935550000000001
2025010515,1429,57372,3,43.25995000000001,9.935550000000001
2025010515,1429,57372,4,43.25995000000001,9.935550000000001
2025010515,1429,57372,5,43.25995000000001,9.935550000000001
2025010515,1429,57372,6,43.25995000000001,9.935550000000001
2025010515,1429,57372,7,43.25995000000001,9.935550000000001
2025010515,1429,56070,1,43.25995000000001,9.935550000000001
2025010515,1429,56070,2,43.25995000000001,9.935550000000001
2025010515,1429,56070,3,43.25995000000001,9.935550000000001
2025010515,1429,56070,4,43.25995000000001,9.935550000000001
2025010515,1429,56070,5,43.25995000000001,9.935550000000001
2025010515,1429,56070,6,43.25995000000001,9.935550000000001
2025010515,1429,56070,7,43.25995000000001,9.935550000000001
2025010515,1478,43366,1,43.25995000000001,9.935550000000001
2025010515,1478,43366,2,43.25995000000001,9.935550000000001
2025010515,1478,43366,3,43.25995000000001,9.935550000000001
2025010515,1478,43366,4,43.25995000000001,9.935550000000001
2025010515,1478,43366,5,43.25995000000001,9.935550000000001
2025010515,1478,43366,6,43.25995000000001,9.935550000000001
2025010515,1478,43366,7,43.25995000000001,9.935550000000001
2025010515,1478,43366,8,43.25995000000001,9.935550000000001
2025010515,1478,43366,9,43.25995000000001,9.935550000000001
2025010515,1478,43366,10,43.25995000000001,9.935550000000001
2025010515,1478,48555,1,43.25995000000001,9.935550000000001
2025010515,1478,48555,2,43.25995000000001,9.935550000000001
2025010515,1478,48555,3,43.25995000000001,9.935550000000001
2025010515,1478,48555,4,43.25995000000001,9.935550000000001
2025010515,1478,48555,5,43.25995000000001,9.935550000000001
2025010515,1478,48555,6,43.25995000000001,9.935550000000001
2025010515,1478,48555,7,43.25995000000001,9.935550000000001
2025010515,1478,48555,8,43.25995000000001,9.935550000000001
2025010515,1478,48555,9,43.25995000000001,9.935550000000001
2025010515,1478,48555,10,43.25995000000001,9.935550000000001
2025010515,1478,55081,1,43.25995000000001,9.935550000000001
2025010515,1478,55081,2,43.25995000000001,9.935550000000001
2025010515,1478,55081,3,43.25995000000001,9.935550000000001
2025010515,1478,55081,4,43.25995000000001,9.935550000000001
2025010515,1478,55081,5,43.25995000000001,9.935550000000001
2025010515,1478,55081,6,43.25995000000001,9.935550000000001
2025010515,1478,55081,7,43.25995000000001,9.935550000000001
2025010515,1478,55081,8,43.25995000000001,9.935550000000001
2025010515,1478,55081,9,43.25995000000001,9.935550000000001
2025010515,1478,55081,10,43.25995000000001,9.935550000000001
2025010515,1478,54500,1,43.25995000000001,9.935550000000001
2025010515,1478,54500,2,43.25995000000001,9.935550000000001
2025010515,1478,54500,3,43.25995000000001,9.935550000000001
2025010515,1478,54500,4,43.25995000000001,9.935550000000001
2025010515,1478,54500,5,43.25995000000001,9.935550000000001
2025010515,1478,54500,6,43.25995000000001,9.935550000000001
2025010515,1478,54500,7,43.25995000000001,9.935550000000001
2025010515,1478,54500,8,43.25995000000001,9.935550000000001
2025010515,1478,54500,9,43.25995000000001,9.935550000000001
2025010515,1478,54500,10,43.25995000000001,9.935550000000001
2025010515,1478,39989,1,43.25995000000001,9.935550000000001
2025010515,1478,39989,2,43.25995000000001,9.935550000000001
2025010515,1478,39989,3,43.25995000000001,9.935550000000001
2025010515,1478,39989,4,43.25995000000001,9.935550000000001
2025010515,1478,39989,5,43.25995000000001,9.935550000000001
2025010515,1478,39989,6,43.25995000000001,9.935550000000001
2025010515,1478,39989,7,43.25995000000001,9.935550000000001
2025010515,1478,39989,8,43.25995000000001,9.935550000000001
2025010515,1478,39989,9,43.25995000000001,9.935550000000001
2025010515,1478,39989,10,43.25995000000001,9.935550000000001
2025010515,1503,43366,1,43.25995000000001,9.935550000000001
2025010515,1503,43366,2,43.25995000000001,9.935550000000001
2025010515,1503,43366,3,43.25995000000001,9.935550000000001
2025010515,1503,43366,4,43.25995000000001,9.935550000000001
2025010515,1503,43366,5,43.25995000000001,9.935550000000001
2025010515,1503,43366,6,43.25995000000001,9.935550000000001
2025010515,1503,43366,7,43.25995000000001,9.935550000000001
2025010515,1503,43366,8,43.25995000000001,9.935550000000001
2025010515,1503,43366,9,43.25995000000001,9.935550000000001
2025010515,1503,43366,10,43.25995000000001,9.935550000000001
2025010515,1503,46142,1,43.25995000000001,9.935550000000001
2025010515,1503,46142,2,43.25995000000001,9.935550000000001
2025010515,1503,46142,3,43.25995000000001,9.935550000000001
2025010515,1503,46142,4,43.25995000000001,9.935550000000001
2025010515,1503,46142,5,43.25995000000001,9.935550000000001
2025010515,1503,46142,6,43.25995000000001,9.935550000000001
2025010515,1503,46142,7,43.25995000000001,9.935550000000001
2025010515,1503,46142,8,43.25995000000001,9.935550000000001
2025010515,1503,46142,9,43.25995000000001,9.935550000000001
2025010515,1503,46142,10,43.25995000000001,9.935550000000001
2025010515,1503,48555,1,43.25995000000001,9.935550000000001
2025010515,1503,48555,2,43.25995000000001,9.935550000000001
2025010515,1503,48555,3,43.25995000000001,9.935550000000001
2025010515,1503,48555,4,43.25995000000001,9.935550000000001
2025010515,1503,48555,5,43.25995000000001,9.935550000000001
2025010515,1503,48555,6,43.25995000000001,9.935550000000001
2025010515,1503,48555,7,43.25995000000001,9.935550000000001
2025010515,1503,48555,8,43.25995000000001,9.935550000000001
2025010515,1503,48555,9,43.25995000000001,9.935550000000001
2025010515,1503,48555,10,43.25995000000001,9.935550000000001
2025010515,1503,39989,1,43.25995000000001,9.935550000000001
2025010515,1503,39989,2,43.25995000000001,9.935550000000001
2025010515,1503,39989,3,43.25995000000001,9.935550000000001
2025010515,1503,39989,4,43.25995000000001,9.935550000000001
2025010515,1503,39989,5,43.25995000000001,9.935550000000001
2025010515,1503,39989,6,43.25995000000001,9.935550000000001
2025010515,1503,39989,7,43.25995000000001,9.935550000000001
2025010515,1503,39989,8,43.25995000000001,9.935550000000001
2025010515,1503,39989,9,43.25995000000001,9.935550000000001
2025010515,1503,39989,10,43.25995000000001,9.935550000000001
2025010515,1573,48268,1,43.25995000000001,9.935550000000001
2025010515,1573,48268,2,43.25995000000001,9.935550000000001
2025010515,1573,48268,3,43.25995000000001,9.935550000000001
2025010515,1573,48268,4,43.25995000000001,9.935550000000001
2025010515,1573,48268,5,43.25995000000001,9.935550000000001
2025010515,1573,48268,6,43.25995000000001,9.935550000000001
2025010515,1573,48268,7,43.25995000000001,9.935550000000001
2025010515,1573,47788,1,43.25995000000001,9.935550000000001
2025010515,1573,47788,2,43.25995000000001,9.935550000000001
2025010515,1573,47788,3,43.25995000000001,9.935550000000001
2025010515,1573,47788,4,43.25995000000001,9.935550000000001
2025010515,1573,47788,5,43.25995000000001,9.935550000000001
2025010515,1573,47788,6,43.25995000000001,9.935550000000001
2025010515,1573,47788,7,43.25995000000001,9.935550000000001
2025010515,1573,56012,1,43.25995000000001,9.935550000000001
2025010515,1573,56012,2,43.25995000000001,9.935550000000001
2025010515,1573,56012,3,43.25995000000001,9.935550000000001
2025010515,1573,56012,4,43.25995000000001,9.935550000000001
2025010515,1573,56012,5,43.25995000000001,9.935550000000001
2025010515,1573,56012,6,43.25995000000001,9.935550000000001
2025010515,1573,56012,7,43.25995000000001,9.935550000000001
2025010515,1728,48268,1,43.25995000000001,9.935550000000001
2025010515,1728,48268,2,43.25995000000001,9.935550000000001
2025010515,1728,48268,3,43.25995000000001,9.935550000000001
2025010515,1728,48268,4,43.25995000000001,9.935550000000001
2025010515,1728,48268,5,43.25995000000001,9.935550000000001
2025010515,1728,48268,6,43.25995000000001,9.935550000000001
2025010515,1728,48268,7,43.25995000000001,9.935550000000001
2025010515,1728,48268,8,43.25995000000001,9.935550000000001
2025010515,1728,48268,9,43.25995000000001,9.935550000000001
2025010515,1728,48268,10,43.25995000000001,9.935550000000001
2025010515,1728,48268,11,43.25995000000001,9.935550000000001
2025010515,1728,57199,1,43.25995000000001,9.935550000000001
2025010515,1728,57199,2,43.25995000000001,9.935550000000001
2025010515,1728,57199,3,43.25995000000001,9.935550000000001
2025010515,1728,57199,4,43.25995000000001,9.935550000000001
2025010515,1728,57199,5,43.25995000000001,9.935550000000001
2025010515,1728,57199,6,43.25995000000001,9.935550000000001
2025010515,1728,57199,7,43.25995000000001,9.935550000000001
2025010515,1728,57199,8,43.25995000000001,9.935550000000001
2025010515,1728,57199,9,43.25995000000001,9.935550000000001
2025010515,1728,57199,10,43.25995000000001,9.935550000000001
2025010515,1728,57199,11,43.25995000000001,9.935550000000001
2025010515,1728,47788,1,43.25995000000001,9.935550000000001
2025010515,1728,47788,2,43.25995000000001,9.935550000000001
2025010515,1728,47788,3,43.25995000000001,9.935550000000001
2025010515,1728,47788,4,43.25995000000001,9.935550000000001
2025010515,1728,47788,5,43.25995000000001,9.935550000000001
2025010515,1728,47788,6,43.25995000000001,9.935550000000001
2025010515,1728,47788,7,43.25995000000001,9.935550000000001
2025010515,1728,47788,8,43.25995000000001,9.935550000000001
2025010515,1728,47788,9,43.25995000000001,9.935550000000001
2025010515,1728,47788,10,43.25995000000001,9.935550000000001
2025010515,1728,47788,11,43.25995000000001,9.935550000000001
2025010515,1728,48000,1,43.25995000000001,9.935550000000001
2025010515,1728,48000,2,43.25995000000001,9.935550000000001
2025010515,1728,48000,3,43.25995000000001,9.935550000000001
2025010515,1728,48000,4,43.25995000000001,9.935550000000001
2025010515,1728,48000,5,43.25995000000001,9.935550000000001
2025010515,1728,48000,6,43.25995000000001,9.935550000000001
2025010515,1728,48000,7,43.25995000000001,9.935550000000001
2025010515,1728,48000,8,43.25995000000001,9.935550000000001
2025010515,1728,48000,9,43.25995000000001,9.935550000000001
2025010515,1728,48000,10,43.25995000000001,9.935550000000001
2025010515,1728,48000,11,43.25995000000001,9.935550000000001
2025010515,1728,46095,1,43.25995000000001,9.935550000000001
2025010515,1728,46095,2,43.25995000000001,9.935550000000001
2025010515,1728,46095,3,43.25995000000001,9.935550000000001
2025010515,1728,46095,4,43.25995000000001,9.935550000000001
2025010515,1728,46095,5,43.25995000000001,9.935550000000001
2025010515,1728,46095,6,43.25995000000001,9.935550000000001
2025010515,1728,46095,7,43.25995000000001,9.935550000000001
2025010515,1728,46095,8,43.25995000000001,9.935550000000001
2025010515,1728,46095,9,43.25995000000001,9.935550000000001
2025010515,1728,46095,10,43.25995000000001,9.935550000000001
2025010515,1728,46095,11,43.25995000000001,9.935550000000001
2025010515,1957,46142,1,43.25995000000001,9.935550000000001
2025010515,1957,46142,2,43.25995000000001,9.935550000000001
2025010515,1957,46142,3,43.25995000000001,9.935550000000001
2025010515,1957,46142,4,43.25995000000001,9.935550000000001
2025010515,1957,46142,5,43.25995000000001,9.935550000000001
2025010515,1957,46142,6,43.25995000000001,9.935550000000001
2025010515,1957,55081,1,43.25995000000001,9.935550000000001
2025010515,1957,55081,2,43.25995000000001,9.935550000000001
2025010515,1957,55081,3,43.25995000000001,9.935550000000001
2025010515,1957,55081,4,43.25995000000001,9.935550000000001
2025010515,1957,55081,5,43.25995000000001,9.935550000000001
2025010515,1957,55081,6,43.25995000000001,9.935550000000001
2025010515,1957,46206,1,43.25995000000001,9.935550000000001
2025010515,1957,46206,2,43.25995000000001,9.935550000000001
2025010515,1957,46206,3,43.25995000000001,9.935550000000001
2025010515,1957,46206,4,43.25995000000001,9.935550000000001
2025010515,1957,46206,5,43.25995000000001,9.935550000000001
2025010515,1957,46206,6,43.25995000000001,9.935550000000001
2025010515,2065,43366,1,43.25995000000001,9.935550000000001
2025010515,2065,43366,2,43.25995000000001,9.935550000000001
2025010515,2065,43366,3,43.25995000000001,9.935550000000001
2025010515,2065,43366,4,43.25995000000001,9.935550000000001
2025010515,2065,43366,5,43.25995000000001,9.935550000000001
2025010515,2065,43366,6,43.25995000000001,9.935550000000001
2025010515,2065,43366,7,43.25995000000001,9.935550000000001
2025010515,2065,48555,1,43.25995000000001,9.935550000000001
2025010515,2065,48555,2,43.25995000000001,9.935550000000001
2025010515,2065,48555,3,43.25995000000001,9.935550000000001
2025010515,2065,48555,4,43.25995000000001,9.935550000000001
2025010515,2065,48555,5,43.25995000000001,9.935550000000001
2025010515,2065,48555,6,43.25995000000001,9.935550000000001
2025010515,2065,48555,7,43.25995000000001,9.935550000000001
2025010515,2065,54500,1,43.25995000000001,9.935550000000001
2025010515,2065,54500,2,43.25995000000001,9.935550000000001
2025010515,2065,54500,3,43.25995000000001,9.935550000000001
2025010515,2065,54500,4,43.25995000000001,9.935550000000001
2025010515,2065,54500,5,43.25995000000001,9.935550000000001
2025010515,2065,54500,6,43.25995000000001,9.935550000000001
2025010515,2065,54500,7,43.25995000000001,9.935550000000001
2025010515,2065,46206,1,43.25995000000001,9.935550000000001
2025010515,2065,46206,2,43.25995000000001,9.935550000000001
2025010515,2065,46206,3,43.25995000000001,9.935550000000001
2025010515,2065,46206,4,43.25995000000001,9.935550000000001
2025010515,2065,46206,5,43.25995000000001,9.935550000000001
2025010515,2065,46206,6,43.25995000000001,9.935550000000001
2025010515,2065,46206,7,43.25995000000001,9.935550000000001
2025010515,2090,43366,1,43.25995000000001,9.935550000000001
2025010515,2090,43366,2,43.25995000000001,9.935550000000001
2025010515,2090,43366,3,43.25995000000001,9.935550000000001
2025010515,2090,43366,4,43.25995000000001,9.935550000000001
2025010515,2090,43366,5,43.25995000000001,9.935550000000001
2025010515,2090,43366,6,43.25995000000001,9.935550000000001
2025010515,2090,43366,7,43.25995000000001,9.935550000000001
2025010515,2090,43366,8,43.25995000000001,9.935550000000001
2025010515,2090,43366,9,43.25995000000001,9.935550000000001
2025010515,2090,57267,1,43.25995000000001,9.935550000000001
2025010515,2090,57267,2,43.25995000000001,9.935550000000001
2025010515,2090,57267,3,43.25995000000001,9.935550000000001
2025010515,2090,57267,4,43.25995000000001,9.935550000000001
2025010515,2090,57267,5,43.25995000000001,9.935550000000001
2025010515,2090,57267,6,43.25995000000001,9.935550000000001
2025010515,2090,57267,7,43.25995000000001,9.935550000000001
2025010515,2090,57267,8,43.25995000000001,9.935550000000001
2025010515,2090,57267,9,43.25995000000001,9.935550000000001
2025010515,2090,46142,1,43.25995000000001,9.935550000000001
2025010515,2090,46142,2,43.25995000000001,9.935550000000001
2025010515,2090,46142,3,43.25995000000001,9.935550000000001
2025010515,2090,46142,4,43.25995000000001,9.935550000000001
2025010515,2090,46142,5,43.25995000000001,9.935550000000001
2025010515,2090,46142,6,43.25995000000001,9.935550000000001
2025010515,2090,46142,7,43.25995000000001,9.935550000000001
2025010515,2090,46142,8,43.25995000000001,9.935550000000001
2025010515,2090,46142,9,43.25995000000001,9.935550000000001
2025010515,2090,47849,1,43.25995000000001,9.935550000000001
2025010515,2090,47849,2,43.25995000000001,9.935550000000001
2025010515,2090,47849,3,43.25995000000001,9.935550000000001
2025010515,2090,47849,4,43.25995000000001,9.935550000000001
2025010515,2090,47849,5,43.25995000000001,9.935550000000001
2025010515,2090,47849,6,43.25995000000001,9.935550000000001
2025010515,2090,47849,7,43.25995000000001,9.935550000000001
2025010515,2090,47849,8,43.25995000000001,9.935550000000001
2025010515,2090,47849,9,43.25995000000001,9.935550000000001
2025010515,2257,47788,1,43.25995000000001,9.935550000000001
2025010515,2257,47788,2,43.25995000000001,9.935550000000001
2025010515,2257,47788,3,43.25995000000001,9.935550000000001
2025010515,2257,47788,4,43.25995000000001,9.935550000000001
2025010515,2257,47788,5,43.25995000000001,9.935550000000001
2025010515,2257,47788,6,43.25995000000001,9.935550000000001
2025010515,2257,47788,7,43.25995000000001,9.935550000000001
2025010515,2257,56032,1,43.25995000000001,9.935550000000001
2025010515,2257,56032,2,43.25995000000001,9.935550000000001
2025010515,2257,56032,3,43.25995000000001,9.935550000000001
2025010515,2257,56032,4,43.25995000000001,9.935550000000001
2025010515,2257,56032,5,43.25995000000001,9.935550000000001
2025010515,2257,56032,6,43.25995000000001,9.935550000000001
2025010515,2257,56032,7,43.25995000000001,9.935550000000001
2025010515,2257,56012,1,43.25995000000001,9.935550000000001
2025010515,2257,56012,2,43.25995000000001,9.935550000000001
2025010515,2257,56012,3,43.25995000000001,9.935550000000001
2025010515,2257,56012,4,43.25995000000001,9.935550000000001
2025010515,2257,56012,5,43.25995000000001,9.935550000000001
2025010515,2257,56012,6,43.25995000000001,9.935550000000001
2025010515,2257,56012,7,43.25995000000001,9.935550000000001
2025010515,2326,47788,1,43.25995000000001,9.935550000000001
2025010515,2326,47788,2,43.25995000000001,9.935550000000001
2025010515,2326,47788,3,43.25995000000001,9.935550000000001
2025010515,2326,47788,4,43.25995000000001,9.935550000000001
2025010515,2326,47788,5,43.25995000000001,9.935550000000001
2025010515,2326,47788,6,43.25995000000001,9.935550000000001
2025010515,2326,47788,7,43.25995000000001,9.935550000000001
2025010515,2326,47788,8,43.25995000000001,9.935550000000001
2025010515,2326,48000,1,43.25995000000001,9.935550000000001
2025010515,2326,48000,2,43.25995000000001,9.935550000000001
2025010515,2326,48000,3,43.25995000000001,9.935550000000001
2025010515,2326,48000,4,43.25995000000001,9.935550000000001
2025010515,2326,48000,5,43.25995000000001,9.935550000000001
2025010515,2326,48000,6,43.25995000000001,9.935550000000001
2025010515,2326,48000,7,43.25995000000001,9.935550000000001
2025010515,2326,48000,8,43.25995000000001,9.935550000000001
2025010515,2326,46122,1,43.25995000000001,9.935550000000001
2025010515,2326,46122,2,43.25995000000001,9.935550000000001
2025010515,2326,46122,3,43.25995000000001,9.935550000000001
2025010515,2326,46122,4,43.25995000000001,9.935550000000001
2025010515,2326,46122,5,43.25995000000001,9.935550000000001
2025010515,2326,46122,6,43.25995000000001,9.935550000000001
2025010515,2326,46122,7,43.25995000000001,9.935550000000001
2025010515,2326,46122,8,43.25995000000001,9.935550000000001
2025010515,2326,56012,1,43.25995000000001,9.935550000000001
2025010515,2326,56012,2,43.25995000000001,9.935550000000001
2025010515,2326,56012,3,43.25995000000001,9.935550000000001
2025010515,2326,56012,4,43.25995000000001,9.935550000000001
2025010515,2326,56012,5,43.25995000000001,9.935550000000001
2025010515,2326,56012,6,43.25995000000001,9.935550000000001
2025010515,2326,56012,7,43.25995000000001,9.935550000000001
2025010515,2326,56012,8,43.25995000000001,9.935550000000001
2025010515,2351,56012,1,43.25995000000001,9.935550000000001
2025010515,2351,56012,2,43.25995000000001,9.935550000000001
2025010515,2351,56012,3,43.25995000000001,9.935550000000001
2025010515,2351,56012,4,43.25995000000001,9.935550000000001
2025010515,2351,56012,5,43.25995000000001,9.935550000000001
2025010515,2351,56012,6,43.25995000000001,9.935550000000001
2025010515,2351,56012,7,43.25995000000001,9.935550000000001
2025010515,2351,56012,8,43.25995000000001,9.935550000000001
2025010515,2351,56012,9,43.25995000000001,9.935550000000001
2025010515,2564,44872,1,43.25995000000001,9.935550000000001
2025010515,2564,44872,2,43.25995000000001,9.935550000000001
2025010515,2564,44872,3,43.25995000000001,9.935550000000001
2025010515,2564,44872,4,43.25995000000001,9.935550000000001
2025010515,2564,44872,5,43.25995000000001,9.935550000000001
2025010515,2564,44872,6,43.25995000000001,9.935550000000001
2025010515,2564,44872,7,43.25995000000001,9.935550000000001
2025010515,2564,44872,8,43.25995000000001,9.935550000000001
2025010515,2564,44872,9,43.25995000000001,9.935550000000001
2025010515,2564,44872,10,43.25995000000001,9.935550000000001
2025010515,2564,44872,11,43.25995000000001,9.935550000000001
2025010515,2564,44872,12,43.25995000000001,9.935550000000001
2025010515,2564,44872,13,43.25995000000001,9.935550000000001
2025010515,2564,44872,14,43.25995000000001,9.935550000000001
2025010515,2564,44872,15,43.25995000000001,9.935550000000001
2025010515,2564,43366,1,43.25995000000001,9.935550000000001
2025010515,2564,43366,2,43.25995000000001,9.935550000000001
2025010515,2564,43366,3,43.25995000000001,9.935550000000001
2025010515,2564,43366,4,43.25995000000001,9.935550000000001
2025010515,2564,43366,5,43.25995000000001,9.935550000000001
2025010515,2564,43366,6,43.25995000000001,9.935550000000001
2025010515,2564,43366,7,43.25995000000001,9.935550000000001
2025010515,2564,43366,8,43.25995000000001,9.935550000000001
2025010515,2564,43366,9,43.25995000000001,9.935550000000001
2025010515,2564,43366,10,43.25995000000001,9.935550000000001
2025010515,2564,43366,11,43.25995000000001,9.935550000000001
2025010515,2564,43366,12,43.25995000000001,9.935550000000001
2025010515,2564,43366,13,43.25995000000001,9.935550000000001
2025010515,2564,43366,14,43.25995000000001,9.935550000000001
2025010515,2564,43366,15,43.25995000000001,9.935550000000001
2025010515,2564,46142,1,43.25995000000001,9.935550000000001
2025010515,2564,46142,2,43.25995000000001,9.935550000000001
2025010515,2564,46142,3,43.25995000000001,9.935550000000001
2025010515,2564,46142,4,43.25995000000001,9.935550000000001
2025010515,2564,46142,5,43.25995000000001,9.935550000000001
2025010515,2564,46142,6,43.25995000000001,9.935550000000001
2025010515,2564,46142,7,43.25995000000001,9.935550000000001
2025010515,2564,46142,8,43.25995000000001,9.935550000000001
2025010515,2564,46142,9,43.25995000000001,9.935550000000001
2025010515,2564,46142,10,43.25995000000001,9.935550000000001
2025010515,2564,46142,11,43.25995000000001,9.935550000000001
2025010515,2564,46142,12,43.25995000000001,9.935550000000001
2025010515,2564,46142,13,43.25995000000001,9.935550000000001
2025010515,2564,46142,14,43.25995000000001,9.935550000000001
2025010515,2564,46142,15,43.25995000000001,9.935550000000001
2025010515,2564,57244,1,43.25995000000001,9.935550000000001
2025010515,2564,57244,2,43.25995000000001,9.935550000000001
2025010515,2564,57244,3,43.25995000000001,9.935550000000001
2025010515,2564,57244,4,43.25995000000001,9.935550000000001
2025010515,2564,57244,5,43.25995000000001,9.935550000000001
2025010515,2564,57244,6,43.25995000000001,9.935550000000001
2025010515,2564,57244,7,43.25995000000001,9.935550000000001
2025010515,2564,57244,8,43.25995000000001,9.935550000000001
2025010515,2564,57244,9,43.25995000000001,9.935550000000001
2025010515,2564,57244,10,43.25995000000001,9.935550000000001
2025010515,2564,57244,11,43.25995000000001,9.935550000000001
2025010515,2564,57244,12,43.25995000000001,9.935550000000001
2025010515,2564,57244,13,43.25995000000001,9.935550000000001
2025010515,2564,57244,14,43.25995000000001,9.935550000000001
2025010515,2564,57244,15,43.25995000000001,9.935550000000001
2025010515,2592,44872,1,43.25995000000001,9.935550000000001
2025010515,2592,44872,2,43.25995000000001,9.935550000000001
2025010515,2592,44872,3,43.25995000000001,9.935550000000001
2025010515,2592,44872,4,43.25995000000001,9.935550000000001
2025010515,2592,44872,5,43.25995000000001,9.935550000000001
2025010515,2592,44872,6,43.25995000000001,9.935550000000001
2025010515,2592,44872,7,43.25995000000001,9.935550000000001
2025010515,2592,44872,8,43.25995000000001,9.935550000000001
2025010515,2592,45719,1,43.25995000000001,9.935550000000001
2025010515,2592,45719,2,43.25995000000001,9.935550000000001
2025010515,2592,45719,3,43.25995000000001,9.935550000000001
2025010515,2592,45719,4,43.25995000000001,9.935550000000001
2025010515,2592,45719,5,43.25995000000001,9.935550000000001
2025010515,2592,45719,6,43.25995000000001,9.935550000000001
2025010515,2592,45719,7,43.25995000000001,9.935550000000001
2025010515,2592,45719,8,43.25995000000001,9.935550000000001
2025010515,2617,43366,1,43.25995000000001,9.935550000000001
2025010515,2617,43366,2,43.25995000000001,9.935550000000001
2025010515,2617,43366,3,43.25995000000001,9.935550000000001
2025010515,2617,43366,4,43.25995000000001,9.935550000000001
2025010515,2617,43366,5,43.25995000000001,9.935550000000001
2025010515,2617,43366,6,43.25995000000001,9.935550000000001
2025010515,2617,43366,7,43.25995000000001,9.935550000000001
2025010515,2617,43366,8,43.25995000000001,9.935550000000001
2025010515,2617,43366,9,43.25995000000001,9.935550000000001
2025010515,2617,43366,10,43.25995000000001,9.935550000000001
2025010515,2617,43366,11,43.25995000000001,9.935550000000001
2025010515,2617,43366,12,43.25995000000001,9.935550000000001
2025010515,2617,46142,1,43.25995000000001,9.935550000000001
2025010515,2617,46142,2,43.25995000000001,9.935550000000001
2025010515,2617,46142,3,43.25995000000001,9.935550000000001
2025010515,2617,46142,4,43.25995000000001,9.935550000000001
2025010515,2617,46142,5,43.25995000000001,9.935550000000001
2025010515,2617,46142,6,43.25995000000001,9.935550000000001
2025010515,2617,46142,7,43.25995000000001,9.935550000000001
2025010515,2617,46142,8,43.25995000000001,9.935550000000001
2025010515,2617,46142,9,43.25995000000001,9.935550000000001
2025010515,2617,46142,10,43.25995000000001,9.935550000000001
2025010515,2617,46142,11,43.25995000000001,9.935550000000001
2025010515,2617,46142,12,43.25995000000001,9.935550000000001
2025010515,2617,54500,1,43.25995000000001,9.935550000000001
2025010515,2617,54500,2,43.25995000000001,9.935550000000001
2025010515,2617,54500,3,43.25995000000001,9.935550000000001
2025010515,2617,54500,4,43.25995000000001,9.935550000000001
2025010515,2617,54500,5,43.25995000000001,9.935550000000001
2025010515,2617,54500,6,43.25995000000001,9.935550000000001
2025010515,2617,54500,7,43.25995000000001,9.935550000000001
2025010515,2617,54500,8,43.25995000000001,9.935550000000001
2025010515,2617,54500,9,43.25995000000001,9.935550000000001
2025010515,2617,54500,10,43.25995000000001,9.935550000000001
2025010515,2617,54500,11,43.25995000000001,9.935550000000001
2025010515,2617,54500,12,43.25995000000001,9.935550000000001
2025010515,2617,54509,1,43.25995000000001,9.935550000000001
2025010515,2617,54509,2,43.25995000000001,9.935550000000001
2025010515,2617,54509,3,43.25995000000001,9.935550000000001
2025010515,2617,54509,4,43.25995000000001,9.935550000000001
2025010515,2617,54509,5,43.25995000000001,9.935550000000001
2025010515,2617,54509,6,43.25995000000001,9.935550000000001
2025010515,2617,54509,7,43.25995000000001,9.935550000000001
2025010515,2617,54509,8,43.25995000000001,9.935550000000001
2025010515,2617,54509,9,43.25995000000001,9.935550000000001
2025010515,2617,54509,10,43.25995000000001,9.935550000000001
2025010515,2617,54509,11,43.25995000000001,9.935550000000001
2025010515,2617,54509,12,43.25995000000001,9.935550000000001
2025010515,2686,57267,1,43.25995000000001,9.935550000000001
2025010515,2686,57267,2,43.25995000000001,9.935550000000001
2025010515,2686,57267,3,43.25995000000001,9.935550000000001
2025010515,2686,57267,4,43.25995000000001,9.935550000000001
2025010515,2686,57267,5,43.25995000000001,9.935550000000001
2025010515,2686,57267,6,43.25995000000001,9.935550000000001
2025010515,2686,57267,7,43.25995000000001,9.935550000000001
2025010515,2686,57267,8,43.25995000000001,9.935550000000001
2025010515,2686,57267,9,43.25995000000001,9.935550000000001
2025010515,2686,48555,1,43.25995000000001,9.935550000000001
2025010515,2686,48555,2,43.25995000000001,9.935550000000001
2025010515,2686,48555,3,43.25995000000001,9.935550000000001
2025010515,2686,48555,4,43.25995000000001,9.935550000000001
2025010515,2686,48555,5,43.25995000000001,9.935550000000001
2025010515,2686,48555,6,43.25995000000001,9.935550000000001
2025010515,2686,48555,7,43.25995000000001,9.935550000000001
2025010515,2686,48555,8,43.25995000000001,9.935550000000001
2025010515,2686,48555,9,43.25995000000001,9.935550000000001
2025010515,2686,54500,1,43.25995000000001,9.935550000000001
2025010515,2686,54500,2,43.25995000000001,9.935550000000001
2025010515,2686,54500,3,43.25995000000001,9.935550000000001
2025010515,2686,54500,4,43.25995000000001,9.935550000000001
2025010515,2686,54500,5,43.25995000000001,9.935550000000001
2025010515,2686,54500,6,43.25995000000001,9.935550000000001
2025010515,2686,54500,7,43.25995000000001,9.935550000000001
2025010515,2686,54500,8,43.25995000000001,9.935550000000001
2025010515,2686,54500,9,43.25995000000001,9.935550000000001
2025010515,2686,54509,1,43.25995000000001,9.935550000000001
2025010515,2686,54509,2,43.25995000000001,9.935550000000001
2025010515,2686,54509,3,43.25995000000001,9.935550000000001
2025010515,2686,54509,4,43.25995000000001,9.935550000000001
2025010515,2686,54509,5,43.25995000000001,9.935550000000001
2025010515,2686,54509,6,43.25995000000001,9.935550000000001
2025010515,2686,54509,7,43.25995000000001,9.935550000000001
2025010515,2686,54509,8,43.25995000000001,9.935550000000001
2025010515,2686,54509,9,43.25995000000001,9.935550000000001
2025010515,2813,57267,1,43.25995000000001,9.935550000000001
2025010515,2813,57267,2,43.25995000000001,9.935550000000001
2025010515,2813,57267,3,43.25995000000001,9.935550000000001
2025010515,2813,57267,4,43.25995000000001,9.935550000000001
2025010515,2813,57267,5,43.25995000000001,9.935550000000001
2025010515,2813,57267,6,43.25995000000001,9.935550000000001
2025010515,2813,57267,7,43.25995000000001,9.935550000000001
2025010515,2813,57267,8,43.25995000000001,9.935550000000001
2025010515,2813,57267,9,43.25995000000001,9.935550000000001
2025010515,2813,57267,10,43.25995000000001,9.935550000000001
2025010515,2813,57267,11,43.25995000000001,9.935550000000001
2025010515,2813,57267,12,43.25995000000001,9.935550000000001
2025010515,2813,57267,13,43.25995000000001,9.935550000000001
2025010515,2813,57267,14,43.25995000000001,9.935550000000001
2025010515,2813,57267,15,43.25995000000001,9.935550000000001
2025010515,2813,57267,16,43.25995000000001,9.935550000000001
2025010515,2813,57267,17,43.25995000000001,9.935550000000001
2025010515,2813,57267,18,43.25995000000001,9.935550000000001
2025010515,2813,57267,19,43.25995000000001,9.935550000000001
2025010515,2813,54500,1,43.25995000000001,9.935550000000001
2025010515,2813,54500,2,43.25995000000001,9.935550000000001
2025010515,2813,54500,3,43.25995000000001,9.935550000000001
2025010515,2813,54500,4,43.25995000000001,9.935550000000001
2025010515,2813,54500,5,43.25995000000001,9.935550000000001
2025010515,2813,54500,6,43.25995000000001,9.935550000000001
2025010515,2813,54500,7,43.25995000000001,9.935550000000001
2025010515,2813,54500,8,43.25995000000001,9.935550000000001
2025010515,2813,54500,9,43.25995000000001,9.935550000000001
2025010515,2813,54500,10,43.25995000000001,9.935550000000001
2025010515,2813,54500,11,43.25995000000001,9.935550000000001
2025010515,2813,54500,12,43.25995000000001,9.935550000000001
2025010515,2813,54500,13,43.25995000000001,9.935550000000001
2025010515,2813,54500,14,43.25995000000001,9.935550000000001
2025010515,2813,54500,15,43.25995000000001,9.935550000000001
2025010515,2813,54500,16,43.25995000000001,9.935550000000001
2025010515,2813,54500,17,43.25995000000001,9.935550000000001
2025010515,2813,54500,18,43.25995000000001,9.935550000000001
2025010515,2813,54500,19,43.25995000000001,9.935550000000001
2025010515,2813,39989,1,43.25995000000001,9.935550000000001
2025010515,2813,39989,2,43.25995000000001,9.935550000000001
2025010515,2813,39989,3,43.25995000000001,9.935550000000001
2025010515,2813,39989,4,43.25995000000001,9.935550000000001
2025010515,2813,39989,5,43.25995000000001,9.935550000000001
2025010515,2813,39989,6,43.25995000000001,9.935550000000001
2025010515,2813,39989,7,43.25995000000001,9.935550000000001
2025010515,2813,39989,8,43.25995000000001,9.935550000000001
2025010515,2813,39989,9,43.25995000000001,9.935550000000001
2025010515,2813,39989,10,43.25995000000001,9.935550000000001
2025010515,2813,39989,11,43.25995000000001,9.935550000000001
2025010515,2813,39989,12,43.25995000000001,9.935550000000001
2025010515,2813,39989,13,43.25995000000001,9.935550000000001
2025010515,2813,39989,14,43.25995000000001,9.935550000000001
2025010515,2813,39989,15,43.25995000000001,9.935550000000001
2025010515,2813,39989,16,43.25995000000001,9.935550000000001
2025010515,2813,39989,17,43.25995000000001,9.935550000000001
2025010515,2813,39989,18,43.25995000000001,9.935550000000001
2025010515,2813,39989,19,43.25995000000001,9.935550000000001
2025010515,2994,57199,1,43.25995000000001,9.935550000000001
2025010515,2994,57199,2,43.25995000000001,9.935550000000001
2025010515,2994,57199,3,43.25995000000001,9.935550000000001
2025010515,2994,57199,4,43.25995000000001,9.935550000000001
2025010515,2994,57199,5,43.25995000000001,9.935550000000001
2025010515,2994,57199,6,43.25995000000001,9.935550000000001
2025010515,2994,57199,7,43.25995000000001,9.935550000000001
2025010515,2994,57199,8,43.25995000000001,9.935550000000001
2025010515,2994,57199,9,43.25995000000001,9.935550000000001
2025010515,2994,57199,10,43.25995000000001,9.935550000000001
2025010515,2994,57199,11,43.25995000000001,9.935550000000001
2025010515,2994,57199,12,43.25995000000001,9.935550000000001
2025010515,2994,57199,13,43.25995000000001,9.935550000000001
2025010515,2994,57199,14,43.25995000000001,9.935550000000001
2025010515,2994,57199,15,43.25995000000001,9.935550000000001
2025010515,2994,57199,16,43.25995000000001,9.935550000000001
2025010515,2994,57199,17,43.25995000000001,9.935550000000001
2025010515,2994,57199,18,43.25995000000001,9.935550000000001
2025010515,2994,57199,19,43.25995000000001,9.935550000000001
2025010515,2994,57199,20,43.25995000000001,9.935550000000001
2025010515,2994,57199,21,43.25995000000001,9.935550000000001
2025010515,2994,57199,22,43.25995000000001,9.935550000000001
2025010515,2994,57199,23,43.25995000000001,9.935550000000001
2025010515,2994,57199,24,43.25995000000001,9.935550000000001
2025010515,2994,57199,25,43.25995000000001,9.935550000000001
2025010515,2994,57199,26,43.25995000000001,9.935550000000001
2025010515,2994,57199,27,43.25995000000001,9.935550000000001
2025010515,2994,47788,1,43.25995000000001,9.935550000000001
2025010515,2994,47788,2,43.25995000000001,9.935550000000001
2025010515,2994,47788,3,43.25995000000001,9.935550000000001
2025010515,2994,47788,4,43.25995000000001,9.935550000000001
2025010515,2994,47788,5,43.25995000000001,9.935550000000001
2025010515,2994,47788,6,43.25995000000001,9.935550000000001
2025010515,2994,47788,7,43.25995000000001,9.935550000000001
2025010515,2994,47788,8,43.25995000000001,9.935550000000001
2025010515,2994,47788,9,43.25995000000001,9.935550000000001
2025010515,2994,47788,10,43.25995000000001,9.935550000000001
2025010515,2994,47788,11,43.25995000000001,9.935550000000001
2025010515,2994,47788,12,43.25995000000001,9.935550000000001
2025010515,2994,47788,13,43.25995000000001,9.935550000000001
2025010515,2994,47788,14,43.25995000000001,9.935550000000001
2025010515,2994,47788,15,43.25995000000001,9.935550000000001
2025010515,2994,47788,16,43.25995000000001,9.935550000000001
2025010515,2994,47788,17,43.25995000000001,9.935550000000001
2025010515,2994,47788,18,43.25995000000001,9.935550000000001
2025010515,2994,47788,19,43.25995000000001,9.935550000000001
2025010515,2994,47788,20,43.25995000000001,9.935550000000001
2025010515,2994,47788,21,43.25995000000001,9.935550000000001
2025010515,2994,47788,22,43.25995000000001,9.935550000000001
2025010515,2994,47788,23,43.25995000000001,9.935550000000001
2025010515,2994,47788,24,43.25995000000001,9.935550000000001
2025010515,2994,47788,25,43.25995000000001,9.935550000000001
2025010515,2994,47788,26,43.25995000000001,9.935550000000001
2025010515,2994,47788,27,43.25995000000001,9.935550000000001
2025010515,2994,48000,1,43.25995000000001,9.935550000000001
2025010515,2994,48000,2,43.25995000000001,9.935550000000001
2025010515,2994,48000,3,43.25995000000001,9.935550000000001
2025010515,2994,48000,4,43.25995000000001,9.935550000000001
2025010515,2994,48000,5,43.25995000000001,9.935550000000001
2025010515,2994,48000,6,43.25995000000001,9.935550000000001
2025010515,2994,48000,7,43.25995000000001,9.935550000000001
2025010515,2994,48000,8,43.25995000000001,9.935550000000001
2025010515,2994,48000,9,43.25995000000001,9.935550000000001
2025010515,2994,48000,10,43.25995000000001,9.935550000000001
2025010515,2994,48000,11,43.25995000000001,9.935550000000001
2025010515,2994,48000,12,43.25995000000001,9.935550000000001
2025010515,2994,48000,13,43.25995000000001,9.935550000000001
2025010515,2994,48000,14,43.25995000000001,9.935550000000001
2025010515,2994,48000,15,43.25995000000001,9.935550000000001
2025010515,2994,48000,16,43.25995000000001,9.935550000000001
2025010515,2994,48000,17,43.25995000000001,9.935550000000001
2025010515,2994,48000,18,43.25995000000001,9.935550000000001
2025010515,2994,48000,19,43.25995000000001,9.935550000000001
2025010515,2994,48000,20,43.25995000000001,9.935550000000001
2025010515,2994,48000,21,43.25995000000001,9.935550000000001
2025010515,2994,48000,22,43.25995000000001,9.935550000000001
2025010515,2994,48000,23,43.25995000000001,9.935550000000001
2025010515,2994,48000,24,43.25995000000001,9.935550000000001
2025010515,2994,48000,25,43.25995000000001,9.935550000000001
2025010515,2994,48000,26,43.25995000000001,9.935550000000001
2025010515,2994,48000,27,43.25995000000001,9.935550000000001
2025010515,2994,46122,1,43.25995000000001,9.935550000000001
2025010515,2994,46122,2,43.25995000000001,9.935550000000001
2025010515,2994,46122,3,43.25995000000001,9.935550000000001
2025010515,2994,46122,4,43.25995000000001,9.935550000000001
2025010515,2994,46122,5,43.25995000000001,9.935550000000001
2025010515,2994,46122,6,43.25995000000001,9.935550000000001
2025010515,2994,46122,7,43.25995000000001,9.935550000000001
2025010515,2994,46122,8,43.25995000000001,9.935550000000001
2025010515,2994,46122,9,43.25995000000001,9.935550000000001
2025010515,2994,46122,10,43.25995000000001,9.935550000000001
2025010515,2994,46122,11,43.25995000000001,9.935550000000001
2025010515,2994,46122,12,43.25995000000001,9.935550000000001
2025010515,2994,46122,13,43.25995000000001,9.935550000000001
2025010515,2994,46122,14,43.25995000000001,9.935550000000001
2025010515,2994,46122,15,43.25995000000001,9.935550000000001
2025010515,2994,46122,16,43.25995000000001,9.935550000000001
2025010515,2994,46122,17,43.25995000000001,9.935550000000001
2025010515,2994,46122,18,43.25995000000001,9.935550000000001
2025010515,2994,46122,19,43.25995000000001,9.935550000000001
2025010515,2994,46122,20,43.25995000000001,9.935550000000001
2025010515,2994,46122,21,43.25995000000001,9.935550000000001
2025010515,2994,46122,22,43.25995000000001,9.935550000000001
2025010515,2994,46122,23,43.25995000000001,9.935550000000001
2025010515,2994,46122,24,43.25995000000001,9.935550000000001
2025010515,2994,46122,25,43.25995000000001,9.935550000000001
2025010515,2994,46122,26,43.25995000000001,9.935550000000001
2025010515,2994,46122,27,43.25995000000001,9.935550000000001
2025010515,2994,46095,1,43.25995000000001,9.935550000000001
2025010515,2994,46095,2,43.25995000000001,9.935550000000001
2025010515,2994,46095,3,43.25995000000001,9.935550000000001
2025010515,2994,46095,4,43.25995000000001,9.935550000000001
2025010515,2994,46095,5,43.25995000000001,9.935550000000001
2025010515,2994,46095,6,43.25995000000001,9.935550000000001
2025010515,2994,46095,7,43.25995000000001,9.935550000000001
2025010515,2994,46095,8,43.25995000000001,9.935550000000001
2025010515,2994,46095,9,43.25995000000001,9.935550000000001
2025010515,2994,46095,10,43.25995000000001,9.935550000000001
2025010515,2994,46095,11,43.25995000000001,9.935550000000001
2025010515,2994,46095,12,43.25995000000001,9.935550000000001
2025010515,2994,46095,13,43.25995000000001,9.935550000000001
2025010515,2994,46095,14,43.25995000000001,9.935550000000001
2025010515,2994,46095,15,43.25995000000001,9.935550000000001
2025010515,2994,46095,16,43.25995000000001,9.935550000000001
2025010515,2994,46095,17,43.25995000000001,9.935550000000001
2025010515,2994,46095,18,43.25995000000001,9.935550000000001
2025010515,2994,46095,19,43.25995000000001,9.935550000000001
2025010515,2994,46095,20,43.25995000000001,9.935550000000001
2025010515,2994,46095,21,43.25995000000001,9.935550000000001
2025010515,2994,46095,22,43.25995000000001,9.935550000000001
2025010515,2994,46095,23,43.25995000000001,9.935550000000001
2025010515,2994,46095,24,43.25995000000001,9.935550000000001
2025010515,2994,46095,25,43.25995000000001,9.935550000000001
2025010515,2994,46095,26,43.25995000000001,9.935550000000001
2025010515,2994,46095,27,43.25995000000001,9.935550000000001
2025010515,3171,48000,1,43.25995000000001,9.935550000000001
2025010515,3171,48000,2,43.25995000000001,9.935550000000001
2025010515,3171,48000,3,43.25995000000001,9.935550000000001
2025010515,3171,48000,4,43.25995000000001,9.935550000000001
2025010515,3171,48000,5,43.25995000000001,9.935550000000001
2025010515,3171,48000,6,43.25995000000001,9.935550000000001
2025010515,3171,48000,7,43.25995000000001,9.935550000000001
2025010515,3171,48000,8,43.25995000000001,9.935550000000001
2025010515,3171,48000,9,43.25995000000001,9.935550000000001
2025010515,3171,48000,10,43.25995000000001,9.935550000000001
2025010515,3171,48000,11,43.25995000000001,9.935550000000001
2025010515,3171,48000,12,43.25995000000001,9.935550000000001
2025010515,3171,48000,13,43.25995000000001,9.935550000000001
2025010515,3171,48000,14,43.25995000000001,9.935550000000001
2025010515,3171,48000,15,43.25995000000001,9.935550000000001
2025010515,3171,48000,16,43.25995000000001,9.935550000000001
2025010515,3171,48000,17,43.25995000000001,9.935550000000001
2025010515,3171,48000,18,43.25995000000001,9.935550000000001
2025010515,3171,48000,19,43.25995000000001,9.935550000000001
2025010515,3171,48000,20,43.25995000000001,9.935550000000001
2025010515,3171,48000,21,43.25995000000001,9.935550000000001
2025010515,3171,48000,22,43.25995000000001,9.935550000000001
2025010515,3171,48000,23,43.25995000000001,9.935550000000001
2025010515,3171,48000,24,43.25995000000001,9.935550000000001
2025010515,3171,48000,25,43.25995000000001,9.935550000000001
2025010515,3171,48000,26,43.25995000000001,9.935550000000001
2025010515,3171,48000,27,43.25995000000001,9.935550000000001
2025010515,3171,48000,28,43.25995000000001,9.935550000000001
2025010515,3171,42771,1,43.25995000000001,9.935550000000001
2025010515,3171,42771,2,43.25995000000001,9.935550000000001
2025010515,3171,42771,3,43.25995000000001,9.935550000000001
2025010515,3171,42771,4,43.25995000000001,9.935550000000001
2025010515,3171,42771,5,43.25995000000001,9.935550000000001
2025010515,3171,42771,6,43.25995000000001,9.935550000000001
2025010515,3171,42771,7,43.25995000000001,9.935550000000001
2025010515,3171,42771,8,43.25995000000001,9.935550000000001
2025010515,3171,42771,9,43.25995000000001,9.935550000000001
2025010515,3171,42771,10,43.25995000000001,9.935550000000001
2025010515,3171,42771,11,43.25995000000001,9.935550000000001
2025010515,3171,42771,12,43.25995000000001,9.935550000000001
2025010515,3171,42771,13,43.25995000000001,9.935550000000001
2025010515,3171,42771,14,43.25995000000001,9.935550000000001
2025010515,3171,42771,15,43.25995000000001,9.935550000000001
2025010515,3171,42771,16,43.25995000000001,9.935550000000001
2025010515,3171,42771,17,43.25995000000001,9.935550000000001
2025010515,3171,42771,18,43.25995000000001,9.935550000000001
2025010515,3171,42771,19,43.25995000000001,9.935550000000001
2025010515,3171,42771,20,43.25995000000001,9.935550000000001
2025010515,3171,42771,21,43.25995000000001,9.935550000000001
2025010515,3171,42771,22,43.25995000000001,9.935550000000001
2025010515,3171,42771,23,43.25995000000001,9.935550000000001
2025010515,3171,42771,24,43.25995000000001,9.935550000000001
2025010515,3171,42771,25,43.25995000000001,9.935550000000001
2025010515,3171,42771,26,43.25995000000001,9.935550000000001
2025010515,3171,42771,27,43.25995000000001,9.935550000000001
2025010515,3171,42771,28,43.25995000000001,9.935550000000001
2025010515,3171,54718,1,43.25995000000001,9.935550000000001
2025010515,3171,54718,2,43.25995000000001,9.935550000000001
2025010515,3171,54718,3,43.25995000000001,9.935550000000001
2025010515,3171,54718,4,43.25995000000001,9.935550000000001
2025010515,3171,54718,5,43.25995000000001,9.935550000000001
2025010515,3171,54718,6,43.25995000000001,9.935550000000001
2025010515,3171,54718,7,43.25995000000001,9.935550000000001
2025010515,3171,54718,8,43.25995000000001,9.935550000000001
2025010515,3171,54718,9,43.25995000000001,9.935550000000001
2025010515,3171,54718,10,43.25995000000001,9.935550000000001
2025010515,3171,54718,11,43.25995000000001,9.935550000000001
2025010515,3171,54718,12,43.25995000000001,9.935550000000001
2025010515,3171,54718,13,43.25995000000001,9.935550000000001
2025010515,3171,54718,14,43.25995000000001,9.935550000000001
2025010515,3171,54718,15,43.25995000000001,9.935550000000001
2025010515,3171,54718,16,43.25995000000001,9.935550000000001
2025010515,3171,54718,17,43.25995000000001,9.935550000000001
2025010515,3171,54718,18,43.25995000000001,9.935550000000001
2025010515,3171,54718,19,43.25995000000001,9.935550000000001
2025010515,3171,54718,20,43.25995000000001,9.935550000000001
2025010515,3171,54718,21,43.25995000000001,9.935550000000001
2025010515,3171,54718,22,43.25995000000001,9.935550000000001
2025010515,3171,54718,23,43.25995000000001,9.935550000000001
2025010515,3171,54718,24,43.25995000000001,9.935550000000001
2025010515,3171,54718,25,43.25995000000001,9.935550000000001
2025010515,3171,54718,26,43.25995000000001,9.935550000000001
2025010515,3171,54718,27,43.25995000000001,9.935550000000001
2025010515,3171,54718,28,43.25995000000001,9.935550000000001
2025010515,3171,46095,1,43.25995000000001,9.935550000000001
2025010515,3171,46095,2,43.25995000000001,9.935550000000001
2025010515,3171,46095,3,43.25995000000001,9.935550000000001
2025010515,3171,46095,4,43.25995000000001,9.935550000000001
2025010515,3171,46095,5,43.25995000000001,9.935550000000001
2025010515,3171,46095,6,43.25995000000001,9.935550000000001
2025010515,3171,46095,7,43.25995000000001,9.935550000000001
2025010515,3171,46095,8,43.25995000000001,9.935550000000001
2025010515,3171,46095,9,43.25995000000001,9.935550000000001
2025010515,3171,46095,10,43.25995000000001,9.935550000000001
2025010515,3171,46095,11,43.25995000000001,9.935550000000001
2025010515,3171,46095,12,43.25995000000001,9.935550000000001
2025010515,3171,46095,13,43.25995000000001,9.935550000000001
2025010515,3171,46095,14,43.25995000000001,9.935550000000001
2025010515,3171,46095,15,43.25995000000001,9.935550000000001
2025010515,3171,46095,16,43.25995000000001,9.935550000000001
2025010515,3171,46095,17,43.25995000000001,9.935550000000001
2025010515,3171,46095,18,43.25995000000001,9.935550000000001
2025010515,3171,46095,19,43.25995000000001,9.935550000000001
2025010515,3171,46095,20,43.25995000000001,9.935550000000001
2025010515,3171,46095,21,43.25995000000001,9.935550000000001
2025010515,3171,46095,22,43.25995000000001,9.935550000000001
2025010515,3171,46095,23,43.25995000000001,9.935550000000001
2025010515,3171,46095,24,43.25995000000001,9.935550000000001
2025010515,3171,46095,25,43.25995000000001,9.935550000000001
2025010515,3171,46095,26,43.25995000000001,9.935550000000001
2025010515,3171,46095,27,43.25995000000001,9.935550000000001
2025010515,3171,46095,28,43.25995000000001,9.935550000000001
2025010515,3237,48103,1,43.25995000000001,9.935550000000001
2025010515,3237,48103,2,43.25995000000001,9.935550000000001
2025010515,3237,48103,3,43.25995000000001,9.935550000000001
2025010515,3237,48103,4,43.25995000000001,9.935550000000001
2025010515,3237,48103,5,43.25995000000001,9.935550000000001
2025010515,3237,48103,6,43.25995000000001,9.935550000000001
2025010515,3237,48103,7,43.25995000000001,9.935550000000001
2025010515,3237,48103,8,43.25995000000001,9.935550000000001
2025010515,3237,48103,9,43.25995000000001,9.935550000000001
2025010515,3237,48103,10,43.25995000000001,9.935550000000001
2025010515,3237,48103,11,43.25995000000001,9.935550000000001
2025010515,3237,48103,12,43.25995000000001,9.935550000000001
2025010515,3237,48103,13,43.25995000000001,9.935550000000001
2025010515,3237,48103,14,43.25995000000001,9.935550000000001
2025010515,3237,48103,15,43.25995000000001,9.935550000000001
2025010515,3237,48103,16,43.25995000000001,9.935550000000001
2025010515,3237,47788,1,43.25995000000001,9.935550000000001
2025010515,3237,47788,2,43.25995000000001,9.935550000000001
2025010515,3237,47788,3,43.25995000000001,9.935550000000001
2025010515,3237,47788,4,43.25995000000001,9.935550000000001
2025010515,3237,47788,5,43.25995000000001,9.935550000000001
2025010515,3237,47788,6,43.25995000000001,9.935550000000001
2025010515,3237,47788,7,43.25995000000001,9.935550000000001
2025010515,3237,47788,8,43.25995000000001,9.935550000000001
2025010515,3237,47788,9,43.25995000000001,9.935550000000001
2025010515,3237,47788,10,43.25995000000001,9.935550000000001
2025010515,3237,47788,11,43.25995000000001,9.935550000000001
2025010515,3237,47788,12,43.25995000000001,9.935550000000001
2025010515,3237,47788,13,43.25995000000001,9.935550000000001
2025010515,3237,47788,14,43.25995000000001,9.935550000000001
2025010515,3237,47788,15,43.25995000000001,9.935550000000001
2025010515,3237,47788,16,43.25995000000001,9.935550000000001
2025010515,3237,46122,1,43.25995000000001,9.935550000000001
2025010515,3237,46122,2,43.25995000000001,9.935550000000001
2025010515,3237,46122,3,43.25995000000001,9.935550000000001
2025010515,3237,46122,4,43.25995000000001,9.935550000000001
2025010515,3237,46122,5,43.25995000000001,9.935550000000001
2025010515,3237,46122,6,43.25995000000001,9.935550000000001
2025010515,3237,46122,7,43.25995000000001,9.935550000000001
2025010515,3237,46122,8,43.25995000000001,9.935550000000001
2025010515,3237,46122,9,43.25995000000001,9.935550000000001
2025010515,3237,46122,10,43.25995000000001,9.935550000000001
2025010515,3237,46122,11,43.25995000000001,9.935550000000001
2025010515,3237,46122,12,43.25995000000001,9.935550000000001
2025010515,3237,46122,13,43.25995000000001,9.935550000000001
2025010515,3237,46122,14,43.25995000000001,9.935550000000001
2025010515,3237,46122,15,43.25995000000001,9.935550000000001
2025010515,3237,46122,16,43.25995000000001,9.935550000000001
2025010515,3237,53074,1,43.25995000000001,9.935550000000001
2025010515,3237,53074,2,43.25995000000001,9.935550000000001
2025010515,3237,53074,3,43.25995000000001,9.935550000000001
2025010515,3237,53074,4,43.25995000000001,9.935550000000001
2025010515,3237,53074,5,43.25995000000001,9.935550000000001
2025010515,3237,53074,6,43.25995000000001,9.935550000000001
2025010515,3237,53074,7,43.25995000000001,9.935550000000001
2025010515,3237,53074,8,43.25995000000001,9.935550000000001
2025010515,3237,53074,9,43.25995000000001,9.935550000000001
2025010515,3237,53074,10,43.25995000000001,9.935550000000001
2025010515,3237,53074,11,43.25995000000001,9.935550000000001
2025010515,3237,53074,12,43.25995000000001,9.935550000000001
2025010515,3237,53074,13,43.25995000000001,9.935550000000001
2025010515,3237,53074,14,43.25995000000001,9.935550000000001
2025010515,3237,53074,15,43.25995000000001,9.935550000000001
2025010515,3237,53074,16,43.25995000000001,9.935550000000001
2025010515,3290,48103,1,43.25995000000001,9.935550000000001
2025010515,3290,48103,2,43.25995000000001,9.935550000000001
2025010515,3290,48103,3,43.25995000000001,9.935550000000001
2025010515,3290,48103,4,43.25995000000001,9.935550000000001
2025010515,3290,48103,5,43.25995000000001,9.935550000000001
2025010515,3290,48103,6,43.25995000000001,9.935550000000001
2025010515,3290,48103,7,43.25995000000001,9.935550000000001
2025010515,3290,48103,8,43.25995000000001,9.935550000000001
2025010515,3290,48103,9,43.25995000000001,9.935550000000001
2025010515,3290,48103,10,43.25995000000001,9.935550000000001
2025010515,3290,48103,11,43.25995000000001,9.935550000000001
2025010515,3290,48103,12,43.25995000000001,9.935550000000001
2025010515,3290,48103,13,43.25995000000001,9.935550000000001
2025010515,3290,48103,14,43.25995000000001,9.935550000000001
2025010515,3290,48103,15,43.25995000000001,9.935550000000001
2025010515,3290,48103,16,43.25995000000001,9.935550000000001
2025010515,3290,48103,17,43.25995000000001,9.935550000000001
2025010515,3290,48103,18,43.25995000000001,9.935550000000001
2025010515,3290,46122,1,43.25995000000001,9.935550000000001
2025010515,3290,46122,2,43.25995000000001,9.935550000000001
2025010515,3290,46122,3,43.25995000000001,9.935550000000001
2025010515,3290,46122,4,43.25995000000001,9.935550000000001
2025010515,3290,46122,5,43.25995000000001,9.935550000000001
2025010515,3290,46122,6,43.25995000000001,9.935550000000001
2025010515,3290,46122,7,43.25995000000001,9.935550000000001
2025010515,3290,46122,8,43.25995000000001,9.935550000000001
2025010515,3290,46122,9,43.25995000000001,9.935550000000001
2025010515,3290,46122,10,43.25995000000001,9.935550000000001
2025010515,3290,46122,11,43.25995000000001,9.935550000000001
2025010515,3290,46122,12,43.25995000000001,9.935550000000001
2025010515,3290,46122,13,43.25995000000001,9.935550000000001
2025010515,3290,46122,14,43.25995000000001,9.935550000000001
2025010515,3290,46122,15,43.25995000000001,9.935550000000001
2025010515,3290,46122,16,43.25995000000001,9.935550000000001
2025010515,3290,46122,17,43.25995000000001,9.935550000000001
2025010515,3290,46122,18,43.25995000000001,9.935550000000001
2025010515,3290,53074,1,43.25995000000001,9.935550000000001
2025010515,3290,53074,2,43.25995000000001,9.935550000000001
2025010515,3290,53074,3,43.25995000000001,9.935550000000001
2025010515,3290,53074,4,43.25995000000001,9.935550000000001
2025010515,3290,53074,5,43.25995000000001,9.935550000000001
2025010515,3290,53074,6,43.25995000000001,9.935550000000001
2025010515,3290,53074,7,43.25995000000001,9.935550000000001
2025010515,3290,53074,8,43.25995000000001,9.935550000000001
2025010515,3290,53074,9,43.25995000000001,9.935550000000001
2025010515,3290,53074,10,43.25995000000001,9.935550000000001
2025010515,3290,53074,11,43.25995000000001,9.935550000000001
2025010515,3290,53074,12,43.25995000000001,9.935550000000001
2025010515,3290,53074,13,43.25995000000001,9.935550000000001
2025010515,3290,53074,14,43.25995000000001,9.935550000000001
2025010515,3290,53074,15,43.25995000000001,9.935550000000001
2025010515,3290,53074,16,43.25995000000001,9.935550000000001
2025010515,3290,53074,17,43.25995000000001,9.935550000000001
2025010515,3290,53074,18,43.25995000000001,9.935550000000001
2025010515,3504,48103,1,43.25995000000001,9.935550000000001
2025010515,3504,48103,2,43.25995000000001,9.935550000000001
2025010515,3504,48103,3,43.25995000000001,9.935550000000001
2025010515,3504,48103,4,43.25995000000001,9.935550000000001
2025010515,3504,48103,5,43.25995000000001,9.935550000000001
2025010515,3504,48103,6,43.25995000000001,9.935550000000001
2025010515,3504,48103,7,43.25995000000001,9.935550000000001
2025010515,3504,48103,8,43.25995000000001,9.935550000000001
2025010515,3504,48103,9,43.25995000000001,9.935550000000001
2025010515,3504,48103,10,43.25995000000001,9.935550000000001
2025010515,3504,48103,11,43.25995000000001,9.935550000000001
2025010515,3504,48103,12,43.25995000000001,9.935550000000001
2025010515,3504,48103,13,43.25995000000001,9.935550000000001
2025010515,3504,48103,14,43.25995000000001,9.935550000000001
2025010515,3504,48103,15,43.25995000000001,9.935550000000001
2025010515,3504,48103,16,43.25995000000001,9.935550000000001
2025010515,3504,48103,17,43.25995000000001,9.935550000000001
2025010515,3504,48103,18,43.25995000000001,9.935550000000001
2025010515,3504,47788,1,43.25995000000001,9.935550000000001
2025010515,3504,47788,2,43.25995000000001,9.935550000000001
2025010515,3504,47788,3,43.25995000000001,9.935550000000001
2025010515,3504,47788,4,43.25995000000001,9.935550000000001
2025010515,3504,47788,5,43.25995000000001,9.935550000000001
2025010515,3504,47788,6,43.25995000000001,9.935550000000001
2025010515,3504,47788,7,43.25995000000001,9.935550000000001
2025010515,3504,47788,8,43.25995000000001,9.935550000000001
2025010515,3504,47788,9,43.25995000000001,9.935550000000001
2025010515,3504,47788,10,43.25995000000001,9.935550000000001
2025010515,3504,47788,11,43.25995000000001,9.935550000000001
2025010515,3504,47788,12,43.25995000000001,9.935550000000001
2025010515,3504,47788,13,43.25995000000001,9.935550000000001
2025010515,3504,47788,14,43.25995000000001,9.935550000000001
2025010515,3504,47788,15,43.25995000000001,9.935550000000001
2025010515,3504,47788,16,43.25995000000001,9.935550000000001
2025010515,3504,47788,17,43.25995000000001,9.935550000000001
2025010515,3504,47788,18,43.25995000000001,9.935550000000001
2025010515,3504,54718,1,43.25995000000001,9.935550000000001
2025010515,3504,54718,2,43.25995000000001,9.935550000000001
2025010515,3504,54718,3,43.25995000000001,9.935550000000001
2025010515,3504,54718,4,43.25995000000001,9.935550000000001
2025010515,3504,54718,5,43.25995000000001,9.935550000000001
2025010515,3504,54718,6,43.25995000000001,9.935550000000001
2025010515,3504,54718,7,43.25995000000001,9.935550000000001
2025010515,3504,54718,8,43.25995000000001,9.935550000000001
2025010515,3504,54718,9,43.25995000000001,9.935550000000001
2025010515,3504,54718,10,43.25995000000001,9.935550000000001
2025010515,3504,54718,11,43.25995000000001,9.935550000000001
2025010515,3504,54718,12,43.25995000000001,9.935550000000001
2025010515,3504,54718,13,43.25995000000001,9.935550000000001
2025010515,3504,54718,14,43.25995000000001,9.935550000000001
2025010515,3504,54718,15,43.25995000000001,9.935550000000001
2025010515,3504,54718,16,43.25995000000001,9.935550000000001
2025010515,3504,54718,17,43.25995000000001,9.935550000000001
2025010515,3504,54718,18,43.25995000000001,9.935550000000001
2025010515,3504,55112,1,43.25995000000001,9.935550000000001
2025010515,3504,55112,2,43.25995000000001,9.935550000000001
2025010515,3504,55112,3,43.25995000000001,9.935550000000001
2025010515,3504,55112,4,43.25995000000001,9.935550000000001
2025010515,3504,55112,5,43.25995000000001,9.935550000000001
2025010515,3504,55112,6,43.25995000000001,9.935550000000001
2025010515,3504,55112,7,43.25995000000001,9.935550000000001
2025010515,3504,55112,8,43.25995000000001,9.935550000000001
2025010515,3504,55112,9,43.25995000000001,9.935550000000001
2025010515,3504,55112,10,43.25995000000001,9.935550000000001
2025010515,3504,55112,11,43.25995000000001,9.935550000000001
2025010515,3504,55112,12,43.25995000000001,9.935550000000001
2025010515,3504,55112,13,43.25995000000001,9.935550000000001
2025010515,3504,55112,14,43.25995000000001,9.935550000000001
2025010515,3504,55112,15,43.25995000000001,9.935550000000001
2025010515,3504,55112,16,43.25995000000001,9.935550000000001
2025010515,3504,55112,17,43.25995000000001,9.935550000000001
2025010515,3504,55112,18,43.25995000000001,9.935550000000001
2025010515,3527,48103,1,43.25995000000001,9.935550000000001
2025010515,3527,48103,2,43.25995000000001,9.935550000000001
2025010515,3527,48103,3,43.25995000000001,9.935550000000001
2025010515,3527,48103,4,43.25995000000001,9.935550000000001
2025010515,3527,48103,5,43.25995000000001,9.935550000000001
2025010515,3527,48103,6,43.25995000000001,9.935550000000001
2025010515,3527,48103,7,43.25995000000001,9.935550000000001
2025010515,3527,48103,8,43.25995000000001,9.935550000000001
2025010515,3527,48103,9,43.25995000000001,9.935550000000001
2025010515,3527,48103,10,43.25995000000001,9.935550000000001
2025010515,3527,48103,11,43.25995000000001,9.935550000000001
2025010515,3527,48103,12,43.25995000000001,9.935550000000001
2025010515,3527,48103,13,43.25995000000001,9.935550000000001
2025010515,3527,48103,14,43.25995000000001,9.935550000000001
2025010515,3527,48103,15,43.25995000000001,9.935550000000001
2025010515,3527,48103,16,43.25995000000001,9.935550000000001
2025010515,3527,48103,17,43.25995000000001,9.935550000000001
2025010515,3527,46122,1,43.25995000000001,9.935550000000001
2025010515,3527,46122,2,43.25995000000001,9.935550000000001
2025010515,3527,46122,3,43.25995000000001,9.935550000000001
2025010515,3527,46122,4,43.25995000000001,9.935550000000001
2025010515,3527,46122,5,43.25995000000001,9.935550000000001
2025010515,3527,46122,6,43.25995000000001,9.935550000000001
2025010515,3527,46122,7,43.25995000000001,9.935550000000001
2025010515,3527,46122,8,43.25995000000001,9.935550000000001
2025010515,3527,46122,9,43.25995000000001,9.935550000000001
2025010515,3527,46122,10,43.25995000000001,9.935550000000001
2025010515,3527,46122,11,43.25995000000001,9.935550000000001
2025010515,3527,46122,12,43.25995000000001,9.935550000000001
2025010515,3527,46122,13,43.25995000000001,9.935550000000001
2025010515,3527,46122,14,43.25995000000001,9.935550000000001
2025010515,3527,46122,15,43.25995000000001,9.935550000000001
2025010515,3527,46122,16,43.25995000000001,9.935550000000001
2025010515,3527,46122,17,43.25995000000001,9.935550000000001
2025010515,3527,56012,1,43.25995000000001,9.935550000000001
2025010515,3527,56012,2,43.25995000000001,9.935550000000001
2025010515,3527,56012,3,43.25995000000001,9.935550000000001
2025010515,3527,56012,4,43.25995000000001,9.935550000000001
2025010515,3527,56012,5,43.25995000000001,9.935550000000001
2025010515,3527,56012,6,43.25995000000001,9.935550000000001
2025010515,3527,56012,7,43.25995000000001,9.935550000000001
2025010515,3527,56012,8,43.25995000000001,9.935550000000001
2025010515,3527,56012,9,43.25995000000001,9.935550000000001
2025010515,3527,56012,10,43.25995000000001,9.935550000000001
2025010515,3527,56012,11,43.25995000000001,9.935550000000001
2025010515,3527,56012,12,43.25995000000001,9.935550000000001
2025010515,3527,56012,13,43.25995000000001,9.935550000000001
2025010515,3527,56012,14,43.25995000000001,9.935550000000001
2025010515,3527,56012,15,43.25995000000001,9.935550000000001
2025010515,3527,56012,16,43.25995000000001,9.935550000000001
2025010515,3527,56012,17,43.25995000000001,9.935550000000001
2025010515,3636,44872,1,43.25995000000001,9.935550000000001
2025010515,3636,44872,2,43.25995000000001,9.935550000000001
2025010515,3636,44872,3,43.25995000000001,9.935550000000001
2025010515,3636,44872,4,43.25995000000001,9.935550000000001
2025010515,3636,44872,5,43.25995000000001,9.935550000000001
2025010515,3636,44872,6,43.25995000000001,9.935550000000001
2025010515,3636,44872,7,43.25995000000001,9.935550000000001
2025010515,3636,44872,8,43.25995000000001,9.935550000000001
2025010515,3636,44872,9,43.25995000000001,9.935550000000001
2025010515,3636,44872,10,43.25995000000001,9.935550000000001
2025010515,3636,44872,11,43.25995000000001,9.935550000000001
2025010515,3636,54500,1,43.25995000000001,9.935550000000001
2025010515,3636,54500,2,43.25995000000001,9.935550000000001
2025010515,3636,54500,3,43.25995000000001,9.935550000000001
2025010515,3636,54500,4,43.25995000000001,9.935550000000001
2025010515,3636,54500,5,43.25995000000001,9.935550000000001
2025010515,3636,54500,6,43.25995000000001,9.935550000000001
2025010515,3636,54500,7,43.25995000000001,9.935550000000001
2025010515,3636,54500,8,43.25995000000001,9.935550000000001
2025010515,3636,54500,9,43.25995000000001,9.935550000000001
2025010515,3636,54500,10,43.25995000000001,9.935550000000001
2025010515,3636,54500,11,43.25995000000001,9.935550000000001
2025010515,3636,54509,1,43.25995000000001,9.935550000000001
2025010515,3636,54509,2,43.25995000000001,9.935550000000001
2025010515,3636,54509,3,43.25995000000001,9.935550000000001
2025010515,3636,54509,4,43.25995000000001,9.935550000000001
2025010515,3636,54509,5,43.25995000000001,9.935550000000001
2025010515,3636,54509,6,43.25995000000001,9.935550000000001
2025010515,3636,54509,7,43.25995000000001,9.935550000000001
2025010515,3636,54509,8,43.25995000000001,9.935550000000001
2025010515,3636,54509,9,43.25995000000001,9.935550000000001
2025010515,3636,54509,10,43.25995000000001,9.935550000000001
2025010515,3636,54509,11,43.25995000000001,9.935550000000001
2025010515,3711,48103,1,43.25995000000001,9.935550000000001
2025010515,3711,48103,2,43.25995000000001,9.935550000000001
2025010515,3711,48103,3,43.25995000000001,9.935550000000001
2025010515,3711,48103,4,43.25995000000001,9.935550000000001
2025010515,3711,48103,5,43.25995000000001,9.935550000000001
2025010515,3711,48103,6,43.25995000000001,9.935550000000001
2025010515,3711,48103,7,43.25995000000001,9.935550000000001
2025010515,3711,48103,8,43.25995000000001,9.935550000000001
2025010515,3711,48103,9,43.25995000000001,9.935550000000001
2025010515,3711,47788,1,43.25995000000001,9.935550000000001
2025010515,3711,47788,2,43.25995000000001,9.935550000000001
2025010515,3711,47788,3,43.25995000000001,9.935550000000001
2025010515,3711,47788,4,43.25995000000001,9.935550000000001
2025010515,3711,47788,5,43.25995000000001,9.935550000000001
2025010515,3711,47788,6,43.25995000000001,9.935550000000001
2025010515,3711,47788,7,43.25995000000001,9.935550000000001
2025010515,3711,47788,8,43.25995000000001,9.935550000000001
2025010515,3711,47788,9,43.25995000000001,9.935550000000001
2025010515,3711,42771,1,43.25995000000001,9.935550000000001
2025010515,3711,42771,2,43.25995000000001,9.935550000000001
2025010515,3711,42771,3,43.25995000000001,9.935550000000001
2025010515,3711,42771,4,43.25995000000001,9.935550000000001
2025010515,3711,42771,5,43.25995000000001,9.935550000000001
2025010515,3711,42771,6,43.25995000000001,9.935550000000001
2025010515,3711,42771,7,43.25995000000001,9.935550000000001
2025010515,3711,42771,8,43.25995000000001,9.935550000000001
2025010515,3711,42771,9,43.25995000000001,9.935550000000001
2025010515,3711,57791,1,43.25995000000001,9.935550000000001
2025010515,3711,57791,2,43.25995000000001,9.935550000000001
2025010515,3711,57791,3,43.25995000000001,9.935550000000001
2025010515,3711,57791,4,43.25995000000001,9.935550000000001
2025010515,3711,57791,5,43.25995000000001,9.935550000000001
2025010515,3711,57791,6,43.25995000000001,9.935550000000001
2025010515,3711,57791,7,43.25995000000001,9.935550000000001
2025010515,3711,57791,8,43.25995000000001,9.935550000000001
2025010515,3711,57791,9,43.25995000000001,9.935550000000001
2025010515,3758,48103,1,43.25995000000001,9.935550000000001
2025010515,3758,48103,2,43.25995000000001,9.935550000000001
2025010515,3758,48103,3,43.25995000000001,9.935550000000001
2025010515,3758,48103,4,43.25995000000001,9.935550000000001
2025010515,3758,48103,5,43.25995000000001,9.935550000000001
2025010515,3758,48103,6,43.25995000000001,9.935550000000001
2025010515,3758,48103,7,43.25995000000001,9.935550000000001
2025010515,3758,48103,8,43.25995000000001,9.935550000000001
2025010515,3758,48103,9,43.25995000000001,9.935550000000001
2025010515,3758,48364,1,43.25995000000001,9.935550000000001
2025010515,3758,48364,2,43.25995000000001,9.935550000000001
2025010515,3758,48364,3,43.25995000000001,9.935550000000001
2025010515,3758,48364,4,43.25995000000001,9.935550000000001
2025010515,3758,48364,5,43.25995000000001,9.935550000000001
2025010515,3758,48364,6,43.25995000000001,9.935550000000001
2025010515,3758,48364,7,43.25995000000001,9.935550000000001
2025010515,3758,48364,8,43.25995000000001,9.935550000000001
2025010515,3758,48364,9,43.25995000000001,9.935550000000001
2025010515,3758,53074,1,43.25995000000001,9.935550000000001
2025010515,3758,53074,2,43.25995000000001,9.935550000000001
2025010515,3758,53074,3,43.25995000000001,9.935550000000001
2025010515,3758,53074,4,43.25995000000001,9.935550000000001
2025010515,3758,53074,5,43.25995000000001,9.935550000000001
2025010515,3758,53074,6,43.25995000000001,9.935550000000001
2025010515,3758,53074,7,43.25995000000001,9.935550000000001
2025010515,3758,53074,8,43.25995000000001,9.935550000000001
2025010515,3758,53074,9,43.25995000000001,9.935550000000001
2025010515,3832,48103,1,43.25995000000001,9.935550000000001
2025010515,3832,48103,2,43.25995000000001,9.935550000000001
2025010515,3832,48103,3,43.25995000000001,9.935550000000001
2025010515,3832,48103,4,43.25995000000001,9.935550000000001
2025010515,3832,48103,5,43.25995000000001,9.935550000000001
2025010515,3832,48103,6,43.25995000000001,9.935550000000001
2025010515,3832,48103,7,43.25995000000001,9.935550000000001
2025010515,3832,48103,8,43.25995000000001,9.935550000000001
2025010515,3832,48364,1,43.25995000000001,9.935550000000001
2025010515,3832,48364,2,43.25995000000001,9.935550000000001
2025010515,3832,48364,3,43.25995000000001,9.935550000000001
2025010515,3832,48364,4,43.25995000000001,9.935550000000001
2025010515,3832,48364,5,43.25995000000001,9.935550000000001
2025010515,3832,48364,6,43.25995000000001,9.935550000000001
2025010515,3832,48364,7,43.25995000000001,9.935550000000001
2025010515,3832,48364,8,43.25995000000001,9.935550000000001
2025010515,3832,53074,1,43.25995000000001,9.935550000000001
2025010515,3832,53074,2,43.25995000000001,9.935550000000001
2025010515,3832,53074,3,43.25995000000001,9.935550000000001
2025010515,3832,53074,4,43.25995000000001,9.935550000000001
2025010515,3832,53074,5,43.25995000000001,9.935550000000001
2025010515,3832,53074,6,43.25995000000001,9.935550000000001
2025010515,3832,53074,7,43.25995000000001,9.935550000000001
2025010515,3832,53074,8,43.25995000000001,9.935550000000001
2025010515,3902,48103,1,43.25995000000001,9.935550000000001
2025010515,3902,48103,2,43.25995000000001,9.935550000000001
2025010515,3902,48103,3,43.25995000000001,9.935550000000001
2025010515,3902,48103,4,43.25995000000001,9.935550000000001
2025010515,3902,48103,5,43.25995000000001,9.935550000000001
2025010515,3902,48103,6,43.25995000000001,9.935550000000001
2025010515,3902,48103,7,43.25995000000001,9.935550000000001
2025010515,3902,48103,8,43.25995000000001,9.935550000000001
2025010515,3902,48103,9,43.25995000000001,9.935550000000001
2025010515,3902,48103,10,43.25995000000001,9.935550000000001
2025010515,3902,48103,11,43.25995000000001,9.935550000000001
2025010515,3902,48103,12,43.25995000000001,9.935550000000001
2025010515,3902,48103,13,43.25995000000001,9.935550000000001
2025010515,3902,48103,14,43.25995000000001,9.935550000000001
2025010515,3902,48103,15,43.25995000000001,9.935550000000001
2025010515,3902,48103,16,43.25995000000001,9.935550000000001
2025010515,3902,48103,17,43.25995000000001,9.935550000000001
2025010515,3902,48103,18,43.25995000000001,9.935550000000001
2025010515,3902,48103,19,43.25995000000001,9.935550000000001
2025010515,3902,48103,20,43.25995000000001,9.935550000000001
2025010515,3902,48103,21,43.25995000000001,9.935550000000001
2025010515,3902,48103,22,43.25995000000001,9.935550000000001
2025010515,3902,48103,23,43.25995000000001,9.935550000000001
2025010515,3902,48103,24,43.25995000000001,9.935550000000001
2025010515,3902,48103,25,43.25995000000001,9.935550000000001
2025010515,3902,48103,26,43.25995000000001,9.935550000000001
2025010515,3902,48103,27,43.25995000000001,9.935550000000001
2025010515,3902,48103,28,43.25995000000001,9.935550000000001
2025010515,3902,48103,29,43.25995000000001,9.935550000000001
2025010515,3902,48103,30,43.25995000000001,9.935550000000001
2025010515,3902,47788,1,43.25995000000001,9.935550000000001
2025010515,3902,47788,2,43.25995000000001,9.935550000000001
2025010515,3902,47788,3,43.25995000000001,9.935550000000001
2025010515,3902,47788,4,43.25995000000001,9.935550000000001
2025010515,3902,47788,5,43.25995000000001,9.935550000000001
2025010515,3902,47788,6,43.25995000000001,9.935550000000001
2025010515,3902,47788,7,43.25995000000001,9.935550000000001
2025010515,3902,47788,8,43.25995000000001,9.935550000000001
2025010515,3902,47788,9,43.25995000000001,9.935550000000001
2025010515,3902,47788,10,43.25995000000001,9.935550000000001
2025010515,3902,47788,11,43.25995000000001,9.935550000000001
2025010515,3902,47788,12,43.25995000000001,9.935550000000001
2025010515,3902,47788,13,43.25995000000001,9.935550000000001
2025010515,3902,47788,14,43.25995000000001,9.935550000000001
2025010515,3902,47788,15,43.25995000000001,9.935550000000001
2025010515,3902,47788,16,43.25995000000001,9.935550000000001
2025010515,3902,47788,17,43.25995000000001,9.935550000000001
2025010515,3902,47788,18,43.25995000000001,9.935550000000001
2025010515,3902,47788,19,43.25995000000001,9.935550000000001
2025010515,3902,47788,20,43.25995000000001,9.935550000000001
2025010515,3902,47788,21,43.25995000000001,9.935550000000001
2025010515,3902,47788,22,43.25995000000001,9.935550000000001
2025010515,3902,47788,23,43.25995000000001,9.935550000000001
2025010515,3902,47788,24,43.25995000000001,9.935550000000001
2025010515,3902,47788,25,43.25995000000001,9.935550000000001
2025010515,3902,47788,26,43.25995000000001,9.935550000000001
2025010515,3902,47788,27,43.25995000000001,9.935550000000001
2025010515,3902,47788,28,43.25995000000001,9.935550000000001
2025010515,3902,47788,29,43.25995000000001,9.935550000000001
2025010515,3902,47788,30,43.25995000000001,9.935550000000001
2025010515,3902,48000,1,43.25995000000001,9.935550000000001
2025010515,3902,48000,2,43.25995000000001,9.935550000000001
2025010515,3902,48000,3,43.25995000000001,9.935550000000001
2025010515,3902,48000,4,43.25995000000001,9.935550000000001
2025010515,3902,48000,5,43.25995000000001,9.935550000000001
2025010515,3902,48000,6,43.25995000000001,9.935550000000001
2025010515,3902,48000,7,43.25995000000001,9.935550000000001
2025010515,3902,48000,8,43.25995000000001,9.935550000000001
2025010515,3902,48000,9,43.25995000000001,9.935550000000001
2025010515,3902,48000,10,43.25995000000001,9.935550000000001
2025010515,3902,48000,11,43.25995000000001,9.935550000000001
2025010515,3902,48000,12,43.25995000000001,9.935550000000001
2025010515,3902,48000,13,43.25995000000001,9.935550000000001
2025010515,3902,48000,14,43.25995000000001,9.935550000000001
2025010515,3902,48000,15,43.25995000000001,9.935550000000001
2025010515,3902,48000,16,43.25995000000001,9.935550000000001
2025010515,3902,48000,17,43.25995000000001,9.935550000000001
2025010515,3902,48000,18,43.25995000000001,9.935550000000001
2025010515,3902,48000,19,43.25995000000001,9.935550000000001
2025010515,3902,48000,20,43.25995000000001,9.935550000000001
2025010515,3902,48000,21,43.25995000000001,9.935550000000001
2025010515,3902,48000,22,43.25995000000001,9.935550000000001
2025010515,3902,48000,23,43.25995000000001,9.935550000000001
2025010515,3902,48000,24,43.25995000000001,9.935550000000001
2025010515,3902,48000,25,43.25995000000001,9.935550000000001
2025010515,3902,48000,26,43.25995000000001,9.935550000000001
2025010515,3902,48000,27,43.25995000000001,9.935550000000001
2025010515,3902,48000,28,43.25995000000001,9.935550000000001
2025010515,3902,48000,29,43.25995000000001,9.935550000000001
2025010515,3902,48000,30,43.25995000000001,9.935550000000001
2025010515,3902,46122,1,43.25995000000001,9.935550000000001
2025010515,3902,46122,2,43.25995000000001,9.935550000000001
2025010515,3902,46122,3,43.25995000000001,9.935550000000001
2025010515,3902,46122,4,43.25995000000001,9.935550000000001
2025010515,3902,46122,5,43.25995000000001,9.935550000000001
2025010515,3902,46122,6,43.25995000000001,9.935550000000001
2025010515,3902,46122,7,43.25995000000001,9.935550000000001
2025010515,3902,46122,8,43.25995000000001,9.935550000000001
2025010515,3902,46122,9,43.25995000000001,9.935550000000001
2025010515,3902,46122,10,43.25995000000001,9.935550000000001
2025010515,3902,46122,11,43.25995000000001,9.935550000000001
2025010515,3902,46122,12,43.25995000000001,9.935550000000001
2025010515,3902,46122,13,43.25995000000001,9.935550000000001
2025010515,3902,46122,14,43.25995000000001,9.935550000000001
2025010515,3902,46122,15,43.25995000000001,9.935550000000001
2025010515,3902,46122,16,43.25995000000001,9.935550000000001
2025010515,3902,46122,17,43.25995000000001,9.935550000000001
2025010515,3902,46122,18,43.25995000000001,9.935550000000001
2025010515,3902,46122,19,43.25995000000001,9.935550000000001
2025010515,3902,46122,20,43.25995000000001,9.935550000000001
2025010515,3902,46122,21,43.25995000000001,9.935550000000001
2025010515,3902,46122,22,43.25995000000001,9.935550000000001
2025010515,3902,46122,23,43.25995000000001,9.935550000000001
2025010515,3902,46122,24,43.25995000000001,9.935550000000001
2025010515,3902,46122,25,43.25995000000001,9.935550000000001
2025010515,3902,46122,26,43.25995000000001,9.935550000000001
2025010515,3902,46122,27,43.25995000000001,9.935550000000001
2025010515,3902,46122,28,43.25995000000001,9.935550000000001
2025010515,3902,46122,29,43.25995000000001,9.935550000000001
2025010515,3902,46122,30,43.25995000000001,9.935550000000001
2025010515,3902,52991,1,43.25995000000001,9.935550000000001
2025010515,3902,52991,2,43.25995000000001,9.935550000000001
2025010515,3902,52991,3,43.25995000000001,9.935550000000001
2025010515,3902,52991,4,43.25995000000001,9.935550000000001
2025010515,3902,52991,5,43.25995000000001,9.935550000000001
2025010515,3902,52991,6,43.25995000000001,9.935550000000001
2025010515,3902,52991,7,43.25995000000001,9.935550000000001
2025010515,3902,52991,8,43.25995000000001,9.935550000000001
2025010515,3902,52991,9,43.25995000000001,9.935550000000001
2025010515,3902,52991,10,43.25995000000001,9.935550000000001
2025010515,3902,52991,11,43.25995000000001,9.935550000000001
2025010515,3902,52991,12,43.25995000000001,9.935550000000001
2025010515,3902,52991,13,43.25995000000001,9.935550000000001
2025010515,3902,52991,14,43.25995000000001,9.935550000000001
2025010515,3902,52991,15,43.25995000000001,9.935550000000001
2025010515,3902,52991,16,43.25995000000001,9.935550000000001
2025010515,3902,52991,17,43.25995000000001,9.935550000000001
2025010515,3902,52991,18,43.25995000000001,9.935550000000001
2025010515,3902,52991,19,43.25995000000001,9.935550000000001
2025010515,3902,52991,20,43.25995000000001,9.935550000000001
2025010515,3902,52991,21,43.25995000000001,9.935550000000001
2025010515,3902,52991,22,43.25995000000001,9.935550000000001
2025010515,3902,52991,23,43.25995000000001,9.935550000000001
2025010515,3902,52991,24,43.25995000000001,9.935550000000001
2025010515,3902,52991,25,43.25995000000001,9.935550000000001
2025010515,3902,52991,26,43.25995000000001,9.935550000000001
2025010515,3902,52991,27,43.25995000000001,9.935550000000001
2025010515,3902,52991,28,43.25995000000001,9.935550000000001
2025010515,3902,52991,29,43.25995000000001,9.935550000000001
2025010515,3902,52991,30,43.25995000000001,9.935550000000001
2025010515,3902,42771,1,43.25995000000001,9.935550000000001
2025010515,3902,42771,2,43.25995000000001,9.935550000000001
2025010515,3902,42771,3,43.25995000000001,9.935550000000001
2025010515,3902,42771,4,43.25995000000001,9.935550000000001
2025010515,3902,42771,5,43.25995000000001,9.935550000000001
2025010515,3902,42771,6,43.25995000000001,9.935550000000001
2025010515,3902,42771,7,43.25995000000001,9.935550000000001
2025010515,3902,42771,8,43.25995000000001,9.935550000000001
2025010515,3902,42771,9,43.25995000000001,9.935550000000001
2025010515,3902,42771,10,43.25995000000001,9.935550000000001
2025010515,3902,42771,11,43.25995000000001,9.935550000000001
2025010515,3902,42771,12,43.25995000000001,9.935550000000001
2025010515,3902,42771,13,43.25995000000001,9.935550000000001
2025010515,3902,42771,14,43.25995000000001,9.935550000000001
2025010515,3902,42771,15,43.25995000000001,9.935550000000001
2025010515,3902,42771,16,43.25995000000001,9.935550000000001
2025010515,3902,42771,17,43.25995000000001,9.935550000000001
2025010515,3902,42771,18,43.25995000000001,9.935550000000001
2025010515,3902,42771,19,43.25995000000001,9.935550000000001
2025010515,3902,42771,20,43.25995000000001,9.935550000000001
2025010515,3902,42771,21,43.25995000000001,9.935550000000001
2025010515,3902,42771,22,43.25995000000001,9.935550000000001
2025010515,3902,42771,23,43.25995000000001,9.935550000000001
2025010515,3902,42771,24,43.25995000000001,9.935550000000001
2025010515,3902,42771,25,43.25995000000001,9.935550000000001
2025010515,3902,42771,26,43.25995000000001,9.935550000000001
2025010515,3902,42771,27,43.25995000000001,9.935550000000001
2025010515,3902,42771,28,43.25995000000001,9.935550000000001
2025010515,3902,42771,29,43.25995000000001,9.935550000000001
2025010515,3902,42771,30,43.25995000000001,9.935550000000001
2025010515,3902,54718,1,43.25995000000001,9.935550000000001
2025010515,3902,54718,2,43.25995000000001,9.935550000000001
2025010515,3902,54718,3,43.25995000000001,9.935550000000001
2025010515,3902,54718,4,43.25995000000001,9.935550000000001
2025010515,3902,54718,5,43.25995000000001,9.935550000000001
2025010515,3902,54718,6,43.25995000000001,9.935550000000001
2025010515,3902,54718,7,43.25995000000001,9.935550000000001
2025010515,3902,54718,8,43.25995000000001,9.935550000000001
2025010515,3902,54718,9,43.25995000000001,9.935550000000001
2025010515,3902,54718,10,43.25995000000001,9.935550000000001
2025010515,3902,54718,11,43.25995000000001,9.935550000000001
2025010515,3902,54718,12,43.25995000000001,9.935550000000001
2025010515,3902,54718,13,43.25995000000001,9.935550000000001
2025010515,3902,54718,14,43.25995000000001,9.935550000000001
2025010515,3902,54718,15,43.25995000000001,9.935550000000001
2025010515,3902,54718,16,43.25995000000001,9.935550000000001
2025010515,3902,54718,17,43.25995000000001,9.935550000000001
2025010515,3902,54718,18,43.25995000000001,9.935550000000001
2025010515,3902,54718,19,43.25995000000001,9.935550000000001
2025010515,3902,54718,20,43.25995000000001,9.935550000000001
2025010515,3902,54718,21,43.25995000000001,9.935550000000001
2025010515,3902,54718,22,43.25995000000001,9.935550000000001
2025010515,3902,54718,23,43.25995000000001,9.935550000000001
2025010515,3902,54718,24,43.25995000000001,9.935550000000001
2025010515,3902,54718,25,43.25995000000001,9.935550000000001
2025010515,3902,54718,26,43.25995000000001,9.935550000000001
2025010515,3902,54718,27,43.25995000000001,9.935550000000001
2025010515,3902,54718,28,43.25995000000001,9.935550000000001
2025010515,3902,54718,29,43.25995000000001,9.935550000000001
2025010515,3902,54718,30,43.25995000000001,9.935550000000001
2025010515,3902,55112,1,43.25995000000001,9.935550000000001
2025010515,3902,55112,2,43.25995000000001,9.935550000000001
2025010515,3902,55112,3,43.25995000000001,9.935550000000001
2025010515,3902,55112,4,43.25995000000001,9.935550000000001
2025010515,3902,55112,5,43.25995000000001,9.935550000000001
2025010515,3902,55112,6,43.25995000000001,9.935550000000001
2025010515,3902,55112,7,43.25995000000001,9.935550000000001
2025010515,3902,55112,8,43.25995000000001,9.935550000000001
2025010515,3902,55112,9,43.25995000000001,9.935550000000001
2025010515,3902,55112,10,43.25995000000001,9.935550000000001
2025010515,3902,55112,11,43.25995000000001,9.935550000000001
2025010515,3902,55112,12,43.25995000000001,9.935550000000001
2025010515,3902,55112,13,43.25995000000001,9.935550000000001
2025010515,3902,55112,14,43.25995000000001,9.935550000000001
2025010515,3902,55112,15,43.25995000000001,9.935550000000001
2025010515,3902,55112,16,43.25995000000001,9.935550000000001
2025010515,3902,55112,17,43.25995000000001,9.935550000000001
2025010515,3902,55112,18,43.25995000000001,9.935550000000001
2025010515,3902,55112,19,43.25995000000001,9.935550000000001
2025010515,3902,55112,20,43.25995000000001,9.935550000000001
2025010515,3902,55112,21,43.25995000000001,9.935550000000001
2025010515,3902,55112,22,43.25995000000001,9.935550000000001
2025010515,3902,55112,23,43.25995000000001,9.935550000000001
2025010515,3902,55112,24,43.25995000000001,9.935550000000001
2025010515,3902,55112,25,43.25995000000001,9.935550000000001
2025010515,3902,55112,26,43.25995000000001,9.935550000000001
2025010515,3902,55112,27,43.25995000000001,9.935550000000001
2025010515,3902,55112,28,43.25995000000001,9.935550000000001
2025010515,3902,55112,29,43.25995000000001,9.935550000000001
2025010515,3902,55112,30,43.25995000000001,9.935550000000001
